日期,开盘,最高,最低,收盘,成交量,持仓量,合约
2017-01-17,3308.6,3326.0,3291.4,3315.4,10767,0.0,IF1703
2017-01-18,3315.2,3358.2,3310.2,3345.0,9632,0.0,IF1703
2017-01-19,3335.4,3350.2,3320.0,3326.0,7728,0.0,IF1703
2017-01-20,3320.2,3356.6,3320.2,3353.0,9525,0.0,IF1703
2017-01-23,3355.2,3379.2,3347.8,3352.0,7862,0.0,IF1703
2017-01-24,3358.0,3364.4,3342.6,3353.4,6796,0.0,IF1703
2017-01-25,3346.0,3370.0,3336.0,3369.2,6715,0.0,IF1703
2017-01-26,3370.4,3394.8,3370.0,3377.6,6096,0.0,IF1703
2017-02-03,3387.0,3387.6,3342.6,3357.0,6655,0.0,IF1703
2017-02-06,3358.0,3368.6,3343.0,3354.0,7671,0.0,IF1703
2017-02-07,3354.6,3360.6,3331.2,3349.0,7257,0.0,IF1703
2017-02-08,3344.8,3373.8,3328.8,3369.4,8905,0.0,IF1703
2017-02-09,3367.0,3400.8,3366.6,3380.6,8169,0.0,IF1703
2017-02-10,3386.4,3410.2,3382.6,3402.0,8802,0.0,IF1703
2017-02-13,3409.4,3426.2,3404.4,3419.0,8678,0.0,IF1703
2017-02-14,3423.2,3424.6,3411.0,3419.4,7010,0.0,IF1703
2017-02-15,3418.8,3437.8,3408.8,3410.2,7679,0.0,IF1703
2017-02-16,3414.8,3433.6,3410.0,3432.4,5645,0.0,IF1703
2017-02-17,3420.0,3439.6,3391.0,3392.4,11628,0.0,IF1703
2017-02-20,3401.0,3464.4,3400.2,3462.6,16250,0.0,IF1703
2017-02-21,3459.8,3475.8,3455.6,3459.2,15502,0.0,IF1703
2017-02-22,3461.8,3469.6,3453.0,3467.0,13003,0.0,IF1703
2017-02-23,3463.4,3468.8,3441.0,3453.6,14452,0.0,IF1703
2017-02-24,3450.0,3455.8,3438.2,3453.0,12742,0.0,IF1703
2017-02-27,3450.0,3453.2,3418.2,3426.6,13212,0.0,IF1703
2017-02-28,3431.6,3445.6,3421.0,3429.4,13489,0.0,IF1703
2017-03-01,3430.0,3461.6,3427.8,3435.2,15034,0.0,IF1703
2017-03-02,3444.4,3449.8,3412.0,3418.0,14706,0.0,IF1703
2017-03-03,3413.0,3415.0,3391.0,3405.0,14394,0.0,IF1703
2017-03-06,3405.2,3431.0,3402.8,3422.0,14571,0.0,IF1703
2017-03-07,3422.6,3432.6,3417.4,3432.6,11863,0.0,IF1703
2017-03-08,3430.0,3436.4,3421.4,3430.4,11551,0.0,IF1703
2017-03-09,3424.6,3425.6,3389.2,3403.8,15795,0.0,IF1703
2017-03-10,3403.0,3416.8,3402.0,3406.6,12514,0.0,IF1703
2017-03-13,3407.4,3454.0,3395.6,3452.8,16304,0.0,IF1703
2017-03-14,3452.6,3454.8,3440.6,3446.0,11545,0.0,IF1703
2017-03-15,3440.0,3458.6,3438.2,3451.4,13454,0.0,IF1703
2017-03-16,3477.0,3495.4,3470.0,3481.4,11259,0.0,IF1703
2017-03-17,3461.0,3467.0,3396.2,3407.2,16559,0.0,IF1703
2017-03-20,3423.2,3426.6,3405.8,3417.6,13051,0.0,IF1706
2017-03-21,3415.6,3435.6,3409.0,3435.0,14060,0.0,IF1706
2017-03-22,3415.0,3433.6,3399.0,3421.4,15137,0.0,IF1706
2017-03-23,3425.8,3450.0,3409.0,3433.8,17346,0.0,IF1706
2017-03-24,3438.4,3494.4,3438.0,3483.4,17054,0.0,IF1706
2017-03-27,3479.2,3489.6,3460.4,3461.0,14595,0.0,IF1706
2017-03-28,3472.0,3472.8,3450.0,3458.0,13020,0.0,IF1706
2017-03-29,3463.2,3471.8,3439.6,3456.6,15005,0.0,IF1706
2017-03-30,3451.2,3461.8,3422.2,3431.6,18073,0.0,IF1706
2017-03-31,3431.0,3452.8,3429.2,3450.4,13610,0.0,IF1706
2017-04-05,3485.0,3511.2,3471.8,3507.2,16966,0.0,IF1706
2017-04-06,3508.0,3509.0,3487.0,3504.0,13606,0.0,IF1706
2017-04-07,3501.8,3520.8,3494.2,3510.6,13559,0.0,IF1706
2017-04-10,3513.0,3513.8,3500.8,3501.6,10484,0.0,IF1706
2017-04-11,3550.0,3550.0,3460.2,3505.0,16548,0.0,IF1706
2017-04-12,3502.0,3512.4,3486.2,3496.0,14280,0.0,IF1706
2017-04-13,3495.6,3519.0,3491.4,3508.6,12549,0.0,IF1706
2017-04-14,3507.6,3511.8,3472.8,3477.0,14666,0.0,IF1706
2017-04-17,3471.0,3479.6,3455.2,3472.4,15781,0.0,IF1706
2017-04-18,3470.2,3485.8,3461.4,3462.6,13572,0.0,IF1706
2017-04-19,3459.2,3461.4,3426.0,3440.0,15082,0.0,IF1706
2017-04-20,3440.0,3463.8,3439.4,3458.6,10235,0.0,IF1706
2017-04-21,3445.0,3456.0,3432.4,3441.2,14686,0.0,IF1706
2017-04-24,3439.0,3441.8,3398.2,3408.2,16700,0.0,IF1706
2017-04-25,3413.0,3434.0,3412.4,3422.6,13559,0.0,IF1706
2017-04-26,3427.2,3448.8,3425.4,3427.8,14130,0.0,IF1706
2017-04-27,3421.6,3435.2,3391.0,3426.8,16466,0.0,IF1706
2017-04-28,3426.0,3430.8,3404.2,3420.4,12840,0.0,IF1706
2017-05-02,3413.8,3422.0,3404.0,3407.4,10671,0.0,IF1706
2017-05-03,3410.0,3419.6,3390.4,3396.8,12320,0.0,IF1706
2017-05-04,3391.2,3412.8,3382.0,3383.4,13859,0.0,IF1706
2017-05-05,3379.8,3384.8,3351.2,3360.4,14100,0.0,IF1706
2017-05-08,3361.0,3368.0,3331.2,3339.4,14202,0.0,IF1706
2017-05-09,3335.0,3351.8,3326.0,3342.2,14041,0.0,IF1706
2017-05-10,3346.8,3354.6,3323.2,3323.8,13822,0.0,IF1706
2017-05-11,3320.0,3352.6,3310.0,3341.4,15477,0.0,IF1706
2017-05-12,3341.6,3370.6,3338.4,3367.2,14561,0.0,IF1706
2017-05-15,3376.6,3399.0,3376.6,3386.6,12135,0.0,IF1706
2017-05-16,3383.0,3431.2,3370.0,3431.0,14494,0.0,IF1706
2017-05-17,3425.2,3431.2,3409.2,3411.0,10711,0.0,IF1706
2017-05-18,3394.8,3412.4,3388.0,3392.4,8347,0.0,IF1706
2017-05-19,3381.2,3388.4,3373.6,3381.8,12395,0.0,IF1706
2017-05-22,3380.0,3405.6,3371.2,3382.2,15003,0.0,IF1706
2017-05-23,3384.2,3421.6,3379.2,3402.0,17974,0.0,IF1706
2017-05-24,3399.2,3407.6,3374.0,3402.0,16750,0.0,IF1706
2017-05-25,3402.4,3493.6,3400.6,3486.0,19227,0.0,IF1706
2017-05-26,3485.8,3500.0,3470.2,3480.6,13469,0.0,IF1706
2017-05-31,3505.4,3516.8,3466.2,3482.0,14231,0.0,IF1706
2017-06-01,3479.4,3495.0,3474.2,3489.0,12816,0.0,IF1706
2017-06-02,3486.0,3494.8,3461.0,3480.8,13699,0.0,IF1706
2017-06-05,3482.0,3488.6,3456.0,3456.6,12122,0.0,IF1706
2017-06-06,3460.0,3485.6,3456.2,3484.6,12558,0.0,IF1706
2017-06-07,3484.4,3536.0,3481.6,3533.0,15078,0.0,IF1706
2017-06-08,3531.0,3566.2,3526.2,3559.8,13699,0.0,IF1706
2017-06-09,3563.0,3589.6,3558.4,3578.6,13058,0.0,IF1706
2017-06-12,3570.8,3598.0,3562.0,3568.0,13594,0.0,IF1706
2017-06-13,3565.0,3588.0,3554.6,3576.2,13392,0.0,IF1706
2017-06-14,3570.0,3573.0,3528.8,3532.0,12903,0.0,IF1706
2017-06-15,3530.0,3550.8,3512.4,3524.0,11443,0.0,IF1706
2017-06-16,3508.8,3518.8,3483.2,3488.0,12379,0.0,IF1706
2017-06-19,3499.8,3538.0,3494.6,3530.0,14329,0.0,IF1709
2017-06-20,3535.0,3545.6,3513.4,3521.0,12735,0.0,IF1709
2017-06-21,3540.4,3558.4,3512.2,3558.4,15813,0.0,IF1709
2017-06-22,3556.2,3606.0,3552.0,3560.8,17959,0.0,IF1709
2017-06-23,3564.0,3600.8,3542.6,3597.4,17224,0.0,IF1709
2017-06-26,3599.8,3650.0,3599.8,3647.2,15596,0.0,IF1709
2017-06-27,3645.2,3656.0,3627.4,3650.4,13273,0.0,IF1709
2017-06-28,3644.8,3648.4,3620.0,3627.0,13648,0.0,IF1709
2017-06-29,3638.2,3651.4,3627.2,3649.0,13717,0.0,IF1709
2017-06-30,3632.0,3655.4,3629.0,3642.6,12822,0.0,IF1709
2017-07-03,3647.0,3648.4,3612.0,3625.8,13307,0.0,IF1709
2017-07-04,3627.0,3627.2,3584.4,3587.0,13850,0.0,IF1709
2017-07-05,3592.2,3646.8,3590.8,3640.8,14242,0.0,IF1709
2017-07-06,3636.4,3645.4,3605.2,3633.2,14582,0.0,IF1709
2017-07-07,3627.2,3635.8,3613.2,3627.2,12237,0.0,IF1709
2017-07-10,3622.0,3649.6,3621.2,3634.0,12756,0.0,IF1709
2017-07-11,3631.8,3693.0,3631.0,3661.8,16206,0.0,IF1709
2017-07-12,3669.2,3678.2,3620.6,3638.8,16139,0.0,IF1709
2017-07-13,3648.6,3683.0,3642.6,3679.2,14609,0.0,IF1709
2017-07-14,3676.0,3700.0,3663.6,3698.8,12753,0.0,IF1709
2017-07-17,3700.0,3709.6,3630.2,3649.8,16587,0.0,IF1709
2017-07-18,3650.8,3665.2,3622.2,3650.0,14786,0.0,IF1709
2017-07-19,3643.6,3733.2,3643.6,3729.4,14792,0.0,IF1709
2017-07-20,3728.8,3747.8,3723.2,3747.2,10047,0.0,IF1709
2017-07-21,3744.8,3748.8,3734.0,3738.0,4843,0.0,IF1709
2017-07-24,3717.8,3747.0,3708.0,3733.0,12829,0.0,IF1709
2017-07-25,3731.4,3736.8,3697.8,3704.8,12790,0.0,IF1709
2017-07-26,3714.4,3720.4,3669.4,3684.0,14047,0.0,IF1709
2017-07-27,3687.6,3704.6,3658.0,3690.6,13168,0.0,IF1709
2017-07-28,3687.0,3712.0,3684.0,3708.4,11619,0.0,IF1709
2017-07-31,3712.2,3735.0,3696.6,3722.2,11347,0.0,IF1709
2017-08-01,3726.6,3752.0,3724.2,3748.8,11942,0.0,IF1709
2017-08-02,3748.0,3771.0,3744.6,3753.4,12223,0.0,IF1709
2017-08-03,3752.0,3758.0,3712.2,3715.8,13094,0.0,IF1709
2017-08-04,3719.6,3733.6,3691.0,3692.0,12544,0.0,IF1709
2017-08-07,3697.6,3725.4,3683.4,3715.0,12410,0.0,IF1709
2017-08-08,3717.2,3726.8,3705.4,3717.4,10628,0.0,IF1709
2017-08-09,3717.8,3728.8,3701.4,3715.0,10907,0.0,IF1709
2017-08-10,3713.8,3737.6,3661.2,3701.0,14998,0.0,IF1709
2017-08-11,3675.0,3691.4,3626.0,3627.8,14449,0.0,IF1709
2017-08-14,3640.0,3690.6,3637.0,3681.4,12031,0.0,IF1709
2017-08-15,3684.0,3707.4,3681.0,3694.4,10890,0.0,IF1709
2017-08-16,3689.0,3698.0,3669.4,3689.6,10107,0.0,IF1709
2017-08-17,3701.8,3723.4,3694.2,3719.0,8852,0.0,IF1709
2017-08-18,3694.0,3712.8,3681.4,3705.0,13425,0.0,IF1709
2017-08-21,3717.0,3736.4,3708.6,3721.2,10686,0.0,IF1709
2017-08-22,3725.2,3734.2,3711.2,3732.6,10315,0.0,IF1709
2017-08-23,3733.0,3758.8,3722.6,3741.6,12218,0.0,IF1709
2017-08-24,3740.2,3750.2,3716.2,3724.0,11388,0.0,IF1709
2017-08-25,3725.0,3803.0,3723.6,3794.8,15940,0.0,IF1709
2017-08-28,3804.6,3876.6,3804.6,3843.8,15144,0.0,IF1709
2017-08-29,3844.0,3852.8,3831.2,3837.8,10903,0.0,IF1709
2017-08-30,3843.6,3859.8,3832.0,3834.2,10658,0.0,IF1709
2017-08-31,3839.0,3844.8,3810.4,3829.6,12382,0.0,IF1709
2017-09-01,3835.2,3853.0,3824.0,3837.8,12566,0.0,IF1709
2017-09-04,3833.0,3848.8,3816.0,3842.6,11506,0.0,IF1709
2017-09-05,3847.2,3867.0,3841.2,3854.2,11445,0.0,IF1709
2017-09-06,3847.0,3862.4,3831.0,3846.6,12015,0.0,IF1709
2017-09-07,3853.0,3865.0,3828.0,3828.2,11916,0.0,IF1709
2017-09-08,3835.6,3847.0,3808.0,3820.8,12189,0.0,IF1709
2017-09-11,3833.0,3858.8,3819.4,3831.4,13764,0.0,IF1709
2017-09-12,3840.4,3857.0,3825.4,3844.2,13593,0.0,IF1709
2017-09-13,3846.0,3852.0,3828.4,3844.2,11716,0.0,IF1709
2017-09-14,3847.2,3858.0,3822.2,3830.4,10692,0.0,IF1709
2017-09-15,3827.8,3845.8,3821.2,3834.2,6174,0.0,IF1709
2017-09-18,3829.8,3871.8,3829.0,3854.8,13320,0.0,IF1712
2017-09-19,3858.2,3863.6,3812.6,3823.8,14108,0.0,IF1712
2017-09-20,3827.8,3853.4,3822.0,3845.4,12350,0.0,IF1712
2017-09-21,3844.0,3856.8,3832.6,3837.2,12254,0.0,IF1712
2017-09-22,3827.4,3838.0,3812.0,3829.4,12829,0.0,IF1712
2017-09-25,3827.0,3829.4,3800.8,3801.4,11890,0.0,IF1712
2017-09-26,3802.6,3819.8,3802.2,3813.8,10149,0.0,IF1712
2017-09-27,3816.0,3835.0,3814.8,3819.8,10250,0.0,IF1712
2017-09-28,3818.0,3831.8,3810.6,3831.0,9640,0.0,IF1712
2017-09-29,3835.4,3863.8,3833.6,3849.2,10796,0.0,IF1712
2017-10-10,3890.8,3906.0,3868.8,3893.0,12489,0.0,IF1712
2017-10-11,3902.2,3910.0,3890.8,3902.2,10909,0.0,IF1712
2017-10-12,3902.2,3921.8,3897.4,3916.0,10739,0.0,IF1712
2017-10-13,3912.0,3934.8,3912.0,3933.0,9341,0.0,IF1712
2017-10-16,3940.0,3944.0,3915.2,3918.0,11470,0.0,IF1712
2017-10-17,3914.0,3927.6,3909.2,3911.0,10887,0.0,IF1712
2017-10-18,3919.2,3934.0,3916.2,3930.8,11200,0.0,IF1712
2017-10-19,3930.2,3938.0,3920.2,3922.6,8578,0.0,IF1712
2017-10-20,3913.0,3921.8,3907.4,3911.8,10493,0.0,IF1712
2017-10-23,3919.0,3923.6,3905.2,3922.0,8414,0.0,IF1712
2017-10-24,3916.2,3947.0,3915.2,3945.6,10030,0.0,IF1712
2017-10-25,3947.0,3970.0,3941.2,3967.0,10446,0.0,IF1712
2017-10-26,3969.2,4008.8,3960.6,3993.8,12544,0.0,IF1712
2017-10-27,3996.2,4021.8,3990.2,4021.8,11029,0.0,IF1712
2017-10-30,4027.0,4034.6,3956.8,3981.6,15110,0.0,IF1712
2017-10-31,3979.2,3997.0,3973.4,3993.8,10465,0.0,IF1712
2017-11-01,3998.0,4023.0,3978.4,3981.6,12790,0.0,IF1712
2017-11-02,3983.0,3988.0,3965.4,3987.4,11379,0.0,IF1712
2017-11-03,3985.4,3996.0,3943.0,3963.4,13262,0.0,IF1712
2017-11-06,3969.0,4012.0,3961.0,4008.4,11813,0.0,IF1712
2017-11-07,4008.4,4052.2,4006.2,4049.0,12556,0.0,IF1712
2017-11-08,4043.4,4088.6,4041.0,4046.6,14025,0.0,IF1712
2017-11-09,4041.6,4081.8,4041.6,4080.2,10645,0.0,IF1712
2017-11-10,4076.2,4120.8,4064.4,4115.6,11989,0.0,IF1712
2017-11-13,4123.2,4141.8,4118.4,4127.4,10383,0.0,IF1712
2017-11-14,4126.2,4131.6,4096.4,4101.0,11904,0.0,IF1712
2017-11-15,4093.0,4105.8,4066.0,4073.4,11726,0.0,IF1712
2017-11-16,4071.6,4112.4,4070.8,4106.2,9306,0.0,IF1712
2017-11-17,4109.0,4120.4,4086.2,4118.2,14623,0.0,IF1712
2017-11-20,4111.4,4147.6,4074.4,4146.0,15770,0.0,IF1712
2017-11-21,4142.0,4234.8,4137.6,4232.4,17193,0.0,IF1712
2017-11-22,4249.8,4271.0,4200.0,4235.6,16812,0.0,IF1712
2017-11-23,4232.6,4233.0,4081.0,4099.0,19574,0.0,IF1712
2017-11-24,4119.0,4127.6,4067.2,4099.2,18254,0.0,IF1712
2017-11-27,4095.4,4096.0,4020.0,4022.0,18258,0.0,IF1712
2017-11-28,4021.6,4054.8,4015.0,4041.2,16020,0.0,IF1712
2017-11-29,4053.0,4058.0,3981.0,4035.8,18724,0.0,IF1712
2017-11-30,4029.2,4045.2,3969.4,3982.0,17217,0.0,IF1712
2017-12-01,3990.0,4022.8,3973.8,3978.8,16075,0.0,IF1712
2017-12-04,3975.0,4022.0,3968.4,3999.0,15109,0.0,IF1712
2017-12-05,3991.6,4031.8,3990.2,4017.2,15104,0.0,IF1712
2017-12-06,4012.0,4016.8,3946.0,3988.0,17224,0.0,IF1712
2017-12-07,3985.0,4009.8,3939.0,3948.6,16130,0.0,IF1712
2017-12-08,3956.0,4008.8,3951.0,3998.0,15727,0.0,IF1712
2017-12-11,4008.0,4068.0,4001.6,4067.4,16388,0.0,IF1712
2017-12-12,4065.4,4072.0,4008.0,4010.2,14903,0.0,IF1712
2017-12-13,4015.0,4056.2,4009.0,4046.6,14235,0.0,IF1712
2017-12-14,4050.0,4061.6,4015.2,4030.0,10951,0.0,IF1712
2017-12-15,4019.6,4022.4,3965.0,3977.0,16911,0.0,IF1712
2017-12-18,3986.2,4015.8,3972.0,3984.8,14821,0.0,IF1803
2017-12-19,3998.8,4046.0,3990.2,4044.0,14708,0.0,IF1803
2017-12-20,4044.0,4049.8,4020.0,4029.0,13760,0.0,IF1803
2017-12-21,4024.0,4102.8,4018.0,4082.0,18722,0.0,IF1803
2017-12-22,4083.0,4092.6,4061.8,4069.2,11846,0.0,IF1803
2017-12-25,4073.2,4102.8,4036.2,4049.2,14448,0.0,IF1803
2017-12-26,4052.4,4079.2,4032.8,4068.8,15143,0.0,IF1803
2017-12-27,4066.8,4070.6,3987.4,3991.4,16135,0.0,IF1803
2017-12-28,4005.6,4047.4,3990.8,4030.0,14808,0.0,IF1803
2017-12-29,4035.0,4053.2,4023.6,4039.8,12676,0.0,IF1803
2018-01-02,4051.6,4105.0,4051.6,4104.0,14290,0.0,IF1803
2018-01-03,4107.8,4153.8,4097.2,4121.6,16132,0.0,IF1803
2018-01-04,4122.0,4146.6,4115.8,4135.8,13158,0.0,IF1803
2018-01-05,4138.4,4157.8,4125.2,4148.2,12629,0.0,IF1803
2018-01-08,4148.0,4173.0,4135.2,4163.8,13194,0.0,IF1803
2018-01-09,4162.2,4200.0,4157.0,4197.4,13392,0.0,IF1803
2018-01-10,4196.8,4215.0,4180.2,4212.2,14317,0.0,IF1803
2018-01-11,4206.0,4214.2,4190.0,4208.4,12802,0.0,IF1803
2018-01-12,4209.0,4232.0,4201.0,4229.0,13165,0.0,IF1803
2018-01-15,4233.0,4266.0,4217.0,4223.4,16457,0.0,IF1803
2018-01-16,4220.0,4269.2,4219.2,4269.2,15653,0.0,IF1803
2018-01-17,4273.2,4284.0,4240.0,4250.6,17051,0.0,IF1803
2018-01-18,4268.8,4294.0,4257.2,4280.0,11591,0.0,IF1803
2018-01-19,4283.0,4351.6,4280.6,4290.8,5468,0.0,IF1803
2018-01-22,4297.6,4355.0,4293.2,4354.8,14150,0.0,IF1803
2018-01-23,4362.0,4402.0,4359.6,4400.0,14938,0.0,IF1803
2018-01-24,4405.0,4414.0,4369.0,4404.6,15271,0.0,IF1803
2018-01-25,4401.8,4402.8,4358.2,4373.0,15135,0.0,IF1803
2018-01-26,4373.0,4426.0,4370.0,4397.8,14657,0.0,IF1803
2018-01-29,4412.8,4418.6,4300.0,4315.2,17973,0.0,IF1803
2018-01-30,4313.2,4324.0,4266.2,4267.6,14737,0.0,IF1803
2018-01-31,4254.6,4296.0,4246.2,4280.0,16237,0.0,IF1803
2018-02-01,4285.0,4301.0,4218.8,4239.4,18908,0.0,IF1803
2018-02-02,4228.2,4282.8,4192.0,4270.4,18113,0.0,IF1803
2018-02-05,4220.0,4268.8,4215.0,4264.0,15924,0.0,IF1803
2018-02-06,4203.0,4216.6,4113.0,4119.8,18860,0.0,IF1803
2018-02-07,4183.8,4206.8,4019.2,4023.0,21554,0.0,IF1803
2018-02-08,4018.8,4073.0,3971.6,3996.8,18338,0.0,IF1803
2018-02-09,3929.0,3932.0,3715.0,3781.2,21304,0.0,IF1803
2018-02-12,3818.6,3895.8,3808.4,3865.6,15159,0.0,IF1803
2018-02-13,3907.6,3976.0,3903.8,3920.6,11992,0.0,IF1803
2018-02-14,3926.4,3958.6,3907.0,3952.4,12424,0.0,IF1803
2018-02-22,4011.4,4033.0,3983.0,4025.4,16230,0.0,IF1803
2018-02-23,4039.8,4059.6,4021.4,4049.6,15936,0.0,IF1803
2018-02-26,4081.6,4125.2,4040.2,4108.2,19275,0.0,IF1803
2018-02-27,4117.4,4118.0,4041.2,4042.0,17875,0.0,IF1803
2018-02-28,4019.0,4048.6,3982.0,4002.0,19969,0.0,IF1803
2018-03-01,3980.0,4057.2,3973.8,4035.0,19146,0.0,IF1803
2018-03-02,4004.4,4032.4,3996.4,4010.0,17187,0.0,IF1803
2018-03-05,4026.0,4043.4,3970.0,3992.0,17725,0.0,IF1803
2018-03-06,4027.6,4064.6,3980.0,4064.0,19680,0.0,IF1803
2018-03-07,4054.0,4083.6,4000.0,4009.4,19296,0.0,IF1803
2018-03-08,4030.2,4069.6,4018.0,4065.2,18400,0.0,IF1803
2018-03-09,4078.2,4109.2,4063.0,4103.6,17675,0.0,IF1803
2018-03-12,4134.0,4144.0,4113.0,4119.4,17136,0.0,IF1803
2018-03-13,4122.0,4126.6,4075.0,4075.2,17078,0.0,IF1803
2018-03-14,4069.4,4084.8,4060.2,4065.0,14740,0.0,IF1803
2018-03-15,4050.6,4100.0,4050.6,4097.6,12206,0.0,IF1803
2018-03-16,4090.2,4108.0,4080.4,4082.0,7054,0.0,IF1803
2018-03-19,4030.0,4058.8,4005.2,4049.2,15648,0.0,IF1806
2018-03-20,4030.0,4065.2,4013.0,4049.6,15959,0.0,IF1806
2018-03-21,4080.0,4098.8,4009.0,4025.0,18791,0.0,IF1806
2018-03-22,4038.8,4052.0,3967.0,3983.4,20501,0.0,IF1806
2018-03-23,3876.6,3887.4,3759.6,3816.4,25264,0.0,IF1806
2018-03-26,3821.0,3858.8,3788.2,3854.0,20168,0.0,IF1806
2018-03-27,3903.0,3918.8,3860.2,3898.0,20625,0.0,IF1806
2018-03-28,3855.0,3890.0,3803.6,3809.2,20547,0.0,IF1806
2018-03-29,3836.6,3898.4,3772.8,3886.4,21851,0.0,IF1806
2018-03-30,3888.0,3909.0,3869.6,3884.2,16284,0.0,IF1806
2018-04-02,3890.0,3932.8,3856.0,3856.4,18681,0.0,IF1806
2018-04-03,3842.2,3868.0,3824.0,3853.6,18609,0.0,IF1806
2018-04-04,3868.8,3893.6,3830.0,3841.6,17732,0.0,IF1806
2018-04-09,3850.4,3872.6,3822.0,3845.8,17599,0.0,IF1806
2018-04-10,3854.6,3927.6,3844.2,3925.8,20123,0.0,IF1806
2018-04-11,3932.0,3954.2,3922.2,3932.6,17272,0.0,IF1806
2018-04-12,3942.0,3942.0,3887.6,3892.4,16969,0.0,IF1806
2018-04-13,3915.0,3924.8,3853.2,3860.4,17798,0.0,IF1806
2018-04-16,3858.2,3868.8,3783.2,3796.6,18542,0.0,IF1806
2018-04-17,3808.0,3817.6,3731.6,3738.8,19517,0.0,IF1806
2018-04-18,3779.8,3782.8,3710.0,3754.0,20289,0.0,IF1806
2018-04-19,3775.0,3830.0,3765.6,3811.0,13286,0.0,IF1806
2018-04-20,3801.6,3816.8,3754.4,3760.2,5700,0.0,IF1806
2018-04-23,3733.8,3779.4,3712.2,3748.0,20305,0.0,IF1806
2018-04-24,3760.0,3846.0,3760.0,3835.4,20032,0.0,IF1806
2018-04-25,3822.4,3831.8,3806.4,3818.0,15059,0.0,IF1806
2018-04-26,3821.0,3833.4,3728.0,3735.4,19462,0.0,IF1806
2018-04-27,3755.0,3759.6,3703.6,3746.0,20530,0.0,IF1806
2018-05-02,3768.0,3785.4,3730.8,3758.8,15956,0.0,IF1806
2018-05-03,3748.0,3803.2,3724.6,3786.0,19580,0.0,IF1806
2018-05-04,3785.0,3797.0,3756.0,3763.4,16496,0.0,IF1806
2018-05-07,3787.8,3834.0,3763.6,3827.2,18994,0.0,IF1806
2018-05-08,3838.0,3892.6,3830.4,3880.0,18388,0.0,IF1806
2018-05-09,3879.0,3882.4,3852.4,3869.0,14477,0.0,IF1806
2018-05-10,3886.2,3900.0,3862.2,3897.8,16055,0.0,IF1806
2018-05-11,3909.0,3909.6,3872.8,3876.2,14778,0.0,IF1806
2018-05-14,3892.0,3926.6,3889.4,3912.2,15499,0.0,IF1806
2018-05-15,3923.8,3925.8,3891.0,3924.6,14747,0.0,IF1806
2018-05-16,3913.6,3924.0,3885.4,3894.6,13867,0.0,IF1806
2018-05-17,3902.0,3903.0,3861.2,3861.4,9725,0.0,IF1806
2018-05-18,3845.0,3903.0,3830.0,3903.0,19009,0.0,IF1806
2018-05-21,3933.0,3945.0,3899.2,3907.4,19478,0.0,IF1806
2018-05-22,3908.2,3911.6,3868.6,3895.0,15830,0.0,IF1806
2018-05-23,3885.0,3885.0,3835.0,3835.4,17568,0.0,IF1806
2018-05-24,3841.2,3850.0,3803.0,3805.2,16818,0.0,IF1806
2018-05-25,3808.0,3825.6,3783.6,3789.2,16457,0.0,IF1806
2018-05-28,3795.2,3842.0,3788.4,3821.2,17115,0.0,IF1806
2018-05-29,3810.0,3824.8,3774.0,3775.0,18437,0.0,IF1806
2018-05-30,3731.8,3748.6,3696.4,3699.2,19955,0.0,IF1806
2018-05-31,3723.0,3787.4,3720.8,3784.0,20357,0.0,IF1806
2018-06-01,3775.2,3778.0,3729.6,3752.8,17936,0.0,IF1806
2018-06-04,3772.4,3799.6,3759.4,3786.0,17966,0.0,IF1806
2018-06-05,3789.0,3829.0,3782.4,3822.8,16831,0.0,IF1806
2018-06-06,3820.4,3827.2,3810.2,3823.6,13729,0.0,IF1806
2018-06-07,3839.8,3854.6,3810.2,3817.2,17037,0.0,IF1806
2018-06-08,3806.0,3808.6,3743.4,3761.0,16154,0.0,IF1806
2018-06-11,3754.2,3788.8,3748.6,3773.4,17769,0.0,IF1806
2018-06-12,3778.2,3834.6,3760.4,3818.0,18954,0.0,IF1806
2018-06-13,3803.2,3814.8,3772.2,3778.4,15795,0.0,IF1806
2018-06-14,3767.4,3808.6,3759.4,3768.6,13627,0.0,IF1806
2018-06-15,3730.2,3750.0,3704.6,3722.0,18732,0.0,IF1806
2018-06-19,3671.2,3682.6,3513.4,3569.6,22299,0.0,IF1809
2018-06-20,3570.0,3618.8,3548.0,3596.4,19976,0.0,IF1809
2018-06-21,3599.4,3638.0,3538.6,3546.6,21762,0.0,IF1809
2018-06-22,3527.6,3580.0,3514.2,3572.4,21015,0.0,IF1809
2018-06-25,3584.6,3595.0,3505.4,3509.2,19592,0.0,IF1809
2018-06-26,3494.8,3518.0,3443.2,3477.0,20727,0.0,IF1809
2018-06-27,3489.8,3508.0,3387.0,3388.2,23463,0.0,IF1809
2018-06-28,3387.0,3447.4,3369.4,3380.2,23395,0.0,IF1809
2018-06-29,3395.0,3491.0,3392.6,3477.2,23000,0.0,IF1809
2018-07-02,3470.0,3474.8,3320.0,3352.6,24496,0.0,IF1809
2018-07-03,3376.6,3389.8,3276.2,3364.8,27595,0.0,IF1809
2018-07-04,3357.8,3382.8,3316.0,3330.6,22560,0.0,IF1809
2018-07-05,3330.2,3368.0,3296.0,3303.4,25396,0.0,IF1809
2018-07-06,3315.0,3374.8,3267.6,3328.2,29203,0.0,IF1809
2018-07-09,3356.0,3443.0,3355.6,3439.8,23979,0.0,IF1809
2018-07-10,3447.4,3453.6,3408.8,3445.8,21727,0.0,IF1809
2018-07-11,3370.0,3402.2,3344.0,3379.4,26299,0.0,IF1809
2018-07-12,3389.0,3498.0,3389.0,3475.2,25348,0.0,IF1809
2018-07-13,3487.8,3488.8,3465.4,3476.6,18395,0.0,IF1809
2018-07-16,3485.0,3508.0,3444.2,3459.0,20444,0.0,IF1809
2018-07-17,3463.0,3466.8,3405.6,3442.0,22548,0.0,IF1809
2018-07-18,3458.6,3482.4,3421.6,3424.0,20621,0.0,IF1809
2018-07-19,3446.6,3472.4,3417.0,3431.8,15945,0.0,IF1809
2018-07-20,3425.0,3479.4,3406.0,3473.4,7215,0.0,IF1809
2018-07-23,3464.4,3520.0,3458.2,3509.2,23532,0.0,IF1809
2018-07-24,3520.2,3594.8,3520.0,3574.2,23181,0.0,IF1809
2018-07-25,3587.0,3587.4,3557.8,3568.2,17607,0.0,IF1809
2018-07-26,3578.0,3582.8,3520.4,3525.0,20921,0.0,IF1809
2018-07-27,3533.0,3541.8,3505.0,3520.0,20261,0.0,IF1809
2018-07-30,3521.0,3548.6,3486.8,3503.2,22837,0.0,IF1809
2018-07-31,3501.6,3532.6,3490.8,3512.6,20842,0.0,IF1809
2018-08-01,3533.0,3552.0,3415.8,3423.2,27936,0.0,IF1809
2018-08-02,3415.0,3423.0,3297.6,3345.0,27927,0.0,IF1809
2018-08-03,3350.0,3359.2,3283.6,3283.6,23353,0.0,IF1809
2018-08-06,3292.2,3329.0,3240.0,3259.8,25333,0.0,IF1809
2018-08-07,3284.6,3364.0,3259.6,3358.8,27321,0.0,IF1809
2018-08-08,3354.8,3354.8,3285.8,3304.8,23380,0.0,IF1809
2018-08-09,3295.8,3409.4,3288.6,3386.0,27848,0.0,IF1809
2018-08-10,3389.8,3416.6,3368.8,3397.0,21525,0.0,IF1809
2018-08-13,3365.0,3401.6,3321.6,3382.2,24384,0.0,IF1809
2018-08-14,3385.8,3390.0,3344.4,3369.6,22897,0.0,IF1809
2018-08-15,3366.6,3369.2,3277.4,3284.4,20543,0.0,IF1809
2018-08-16,3247.2,3325.0,3225.6,3271.4,17613,0.0,IF1809
2018-08-17,3287.2,3294.6,3190.0,3202.2,27285,0.0,IF1809
2018-08-20,3213.4,3256.2,3199.2,3251.0,30369,0.0,IF1809
2018-08-21,3257.0,3330.0,3251.0,3301.0,30229,0.0,IF1809
2018-08-22,3301.4,3306.0,3280.2,3300.2,22702,0.0,IF1809
2018-08-23,3305.0,3333.6,3261.6,3302.2,32451,0.0,IF1809
2018-08-24,3292.0,3346.2,3273.0,3309.8,29788,0.0,IF1809
2018-08-27,3330.0,3399.6,3327.0,3397.8,27584,0.0,IF1809
2018-08-28,3403.2,3413.0,3379.2,3387.0,21742,0.0,IF1809
2018-08-29,3382.0,3388.8,3366.0,3379.8,19949,0.0,IF1809
2018-08-30,3381.2,3394.6,3336.0,3343.0,23152,0.0,IF1809
2018-08-31,3325.0,3353.0,3297.0,3321.2,28015,0.0,IF1809
2018-09-03,3310.2,3319.8,3276.0,3310.4,24832,0.0,IF1809
2018-09-04,3314.0,3372.8,3298.2,3357.2,29100,0.0,IF1809
2018-09-05,3344.6,3348.0,3277.8,3277.8,27755,0.0,IF1809
2018-09-06,3275.2,3307.2,3241.4,3248.6,27959,0.0,IF1809
2018-09-07,3267.0,3316.4,3237.0,3273.2,30881,0.0,IF1809
2018-09-10,3267.8,3274.4,3220.0,3227.0,24926,0.0,IF1809
2018-09-11,3228.6,3247.4,3203.2,3219.0,26259,0.0,IF1809
2018-09-12,3212.8,3227.4,3191.0,3196.4,26701,0.0,IF1809
2018-09-13,3244.8,3255.8,3194.4,3238.4,31756,0.0,IF1809
2018-09-14,3244.4,3253.0,3227.4,3240.6,25231,0.0,IF1809
2018-09-17,3218.8,3228.4,3199.2,3207.2,22687,0.0,IF1809
2018-09-18,3205.8,3282.4,3197.0,3273.4,32124,0.0,IF1809
2018-09-19,3270.6,3344.4,3267.0,3311.0,27045,0.0,IF1809
2018-09-20,3316.6,3338.0,3311.0,3315.0,15649,0.0,IF1809
2018-09-21,3323.0,3428.8,3312.2,3428.2,30210,0.0,IF1809
2018-09-25,3393.4,3401.6,3368.4,3389.2,23250,0.0,IF1812
2018-09-26,3405.6,3459.6,3390.4,3422.2,30506,0.0,IF1812
2018-09-27,3417.4,3428.8,3400.8,3415.8,24135,0.0,IF1812
2018-09-28,3428.0,3457.4,3417.0,3448.8,26045,0.0,IF1812
2018-10-08,3367.0,3376.0,3282.2,3288.8,27383,0.0,IF1812
2018-10-09,3293.8,3314.0,3277.4,3287.0,24649,0.0,IF1812
2018-10-10,3298.4,3323.0,3256.4,3289.0,27923,0.0,IF1812
2018-10-11,3187.2,3217.2,3092.8,3106.8,34394,0.0,IF1812
2018-10-12,3127.8,3188.8,3101.0,3169.0,32050,0.0,IF1812
2018-10-15,3169.0,3186.0,3116.2,3122.4,26237,0.0,IF1812
2018-10-16,3135.6,3172.2,3095.0,3110.2,30376,0.0,IF1812
2018-10-17,3156.8,3160.0,3068.0,3121.0,31785,0.0,IF1812
2018-10-18,3104.8,3107.8,3047.0,3048.0,20682,0.0,IF1812
2018-10-19,3030.0,3110.0,3023.6,3108.2,11573,0.0,IF1812
2018-10-22,3160.0,3307.4,3160.0,3288.4,37613,0.0,IF1812
2018-10-23,3282.8,3287.0,3161.2,3180.2,35580,0.0,IF1812
2018-10-24,3180.2,3256.8,3174.0,3186.2,37998,0.0,IF1812
2018-10-25,3115.4,3209.0,3104.0,3203.6,38611,0.0,IF1812
2018-10-26,3211.0,3231.8,3145.2,3165.8,35041,0.0,IF1812
2018-10-29,3169.2,3179.6,3054.8,3077.0,31613,0.0,IF1812
2018-10-30,3078.2,3155.0,3058.2,3113.0,38804,0.0,IF1812
2018-10-31,3124.8,3182.2,3111.0,3151.0,34029,0.0,IF1812
2018-11-01,3199.0,3229.8,3170.2,3174.6,35244,0.0,IF1812
2018-11-02,3264.8,3307.8,3227.6,3306.6,40365,0.0,IF1812
2018-11-05,3276.8,3286.2,3228.0,3262.6,31219,0.0,IF1812
2018-11-06,3259.4,3261.4,3212.2,3245.0,28624,0.0,IF1812
2018-11-07,3253.8,3280.6,3207.0,3214.4,35367,0.0,IF1812
2018-11-08,3250.0,3257.6,3205.0,3215.2,31807,0.0,IF1812
2018-11-09,3194.6,3198.8,3167.2,3169.8,27444,0.0,IF1812
2018-11-12,3169.8,3213.0,3160.0,3204.0,28674,0.0,IF1812
2018-11-13,3165.8,3264.0,3163.4,3237.2,32672,0.0,IF1812
2018-11-14,3236.0,3242.8,3193.4,3204.4,25784,0.0,IF1812
2018-11-15,3208.2,3246.4,3201.0,3241.2,17794,0.0,IF1812
2018-11-16,3249.8,3294.6,3225.2,3259.8,36929,0.0,IF1812
2018-11-19,3268.6,3297.2,3253.8,3296.4,34137,0.0,IF1812
2018-11-20,3277.4,3281.6,3211.2,3223.4,35621,0.0,IF1812
2018-11-21,3191.4,3235.6,3190.8,3222.0,31928,0.0,IF1812
2018-11-22,3232.0,3233.8,3189.2,3212.0,30915,0.0,IF1812
2018-11-23,3205.4,3209.6,3132.0,3136.2,33605,0.0,IF1812
2018-11-26,3145.0,3163.8,3119.2,3130.4,31067,0.0,IF1812
2018-11-27,3141.4,3154.6,3112.6,3126.6,29699,0.0,IF1812
2018-11-28,3128.8,3179.6,3118.8,3171.4,34397,0.0,IF1812
2018-11-29,3192.4,3197.0,3130.2,3138.6,33092,0.0,IF1812
2018-11-30,3136.6,3180.4,3131.4,3168.0,35037,0.0,IF1812
2018-12-03,3265.0,3286.6,3232.4,3259.2,45072,0.0,IF1812
2018-12-04,3252.0,3274.6,3246.0,3270.0,42703,0.0,IF1812
2018-12-05,3232.4,3276.0,3231.4,3253.8,48957,0.0,IF1812
2018-12-06,3220.0,3225.8,3180.6,3187.8,48560,0.0,IF1812
2018-12-07,3196.8,3199.0,3179.0,3179.6,34120,0.0,IF1812
2018-12-10,3160.2,3174.8,3136.4,3148.6,39260,0.0,IF1812
2018-12-11,3154.8,3166.8,3144.0,3164.6,34433,0.0,IF1812
2018-12-12,3180.2,3186.0,3162.0,3172.4,40437,0.0,IF1812
2018-12-13,3179.0,3242.6,3173.4,3222.8,50708,0.0,IF1812
2018-12-14,3211.0,3215.4,3166.6,3169.4,42439,0.0,IF1812
2018-12-17,3172.0,3176.6,3142.2,3167.8,41877,0.0,IF1812
2018-12-18,3151.2,3176.0,3111.6,3128.4,47818,0.0,IF1812
2018-12-19,3134.2,3137.8,3088.4,3091.8,37440,0.0,IF1812
2018-12-20,3098.6,3103.8,3046.8,3073.2,30021,0.0,IF1812
2018-12-21,3068.0,3069.4,3004.2,3034.2,51259,0.0,IF1812
2018-12-24,3020.4,3045.0,3007.2,3037.0,44877,0.0,IF1903
2018-12-25,3006.8,3035.8,2953.8,3018.0,59022,0.0,IF1903
2018-12-26,3017.2,3030.0,2988.6,3005.0,44096,0.0,IF1903
2018-12-27,3043.8,3049.0,2988.4,2995.8,50943,0.0,IF1903
2018-12-28,3002.6,3035.2,2993.0,2996.0,52740,0.0,IF1903
2019-01-02,3012.4,3015.0,2948.8,2962.2,45964,0.0,IF1903
2019-01-03,2958.6,3006.0,2951.6,2962.6,52089,0.0,IF1903
2019-01-04,2948.2,3041.4,2942.2,3041.4,64837,0.0,IF1903
2019-01-07,3051.0,3064.0,3033.8,3047.2,52600,0.0,IF1903
2019-01-08,3047.0,3055.0,3037.4,3050.6,39248,0.0,IF1903
2019-01-09,3070.0,3125.6,3066.2,3072.0,58480,0.0,IF1903
2019-01-10,3069.0,3098.2,3057.2,3075.6,50060,0.0,IF1903
2019-01-11,3085.0,3109.6,3071.0,3099.2,52252,0.0,IF1903
2019-01-14,3056.0,3101.8,3056.0,3070.8,39096,0.0,IF1903
2019-01-15,3077.0,3134.6,3070.0,3130.0,51966,0.0,IF1903
2019-01-16,3126.2,3135.0,3115.2,3129.4,38639,0.0,IF1903
2019-01-17,3135.0,3147.8,3110.8,3114.6,32618,0.0,IF1903
2019-01-18,3126.4,3160.0,3124.0,3158.2,14637,0.0,IF1903
2019-01-21,3174.8,3207.6,3172.6,3186.6,42681,0.0,IF1903
2019-01-22,3182.0,3184.6,3138.6,3147.2,38843,0.0,IF1903
2019-01-23,3147.0,3166.0,3131.4,3138.4,41315,0.0,IF1903
2019-01-24,3148.2,3173.6,3122.8,3164.4,47106,0.0,IF1903
2019-01-25,3170.0,3211.0,3170.0,3188.8,46529,0.0,IF1903
2019-01-28,3208.0,3238.2,3176.4,3185.2,45013,0.0,IF1903
2019-01-29,3182.2,3212.2,3157.2,3200.0,49092,0.0,IF1903
2019-01-30,3183.4,3209.8,3177.0,3178.6,40444,0.0,IF1903
2019-01-31,3189.8,3224.2,3185.4,3207.4,44828,0.0,IF1903
2019-02-01,3231.2,3262.4,3207.8,3261.4,39912,0.0,IF1903
2019-02-11,3250.0,3311.4,3247.2,3305.6,35804,0.0,IF1903
2019-02-12,3303.8,3335.0,3300.2,3325.0,36773,0.0,IF1903
2019-02-13,3327.0,3417.8,3327.0,3397.4,39528,0.0,IF1903
2019-02-14,3397.0,3417.8,3386.4,3402.4,24387,0.0,IF1903
2019-02-15,3406.8,3408.2,3346.4,3352.6,51820,0.0,IF1903
2019-02-18,3379.0,3454.0,3379.0,3447.4,59393,0.0,IF1903
2019-02-19,3456.0,3484.0,3421.2,3438.0,67661,0.0,IF1903
2019-02-20,3454.8,3467.0,3427.0,3449.6,58697,0.0,IF1903
2019-02-21,3447.8,3503.4,3430.0,3448.0,77478,0.0,IF1903
2019-02-22,3447.2,3540.0,3421.6,3539.8,76687,0.0,IF1903
2019-02-25,3584.4,3801.8,3573.2,3800.2,104191,0.0,IF1903
2019-02-26,3788.6,3789.0,3687.6,3701.8,97918,0.0,IF1903
2019-02-27,3713.0,3741.6,3646.8,3685.2,89697,0.0,IF1903
2019-02-28,3681.8,3709.6,3664.2,3677.4,74602,0.0,IF1903
2019-03-01,3707.2,3760.0,3674.2,3750.0,90486,0.0,IF1903
2019-03-04,3780.0,3893.0,3766.8,3786.8,105952,0.0,IF1903
2019-03-05,3789.6,3830.0,3782.0,3822.8,81880,0.0,IF1903
2019-03-06,3829.4,3864.4,3784.4,3846.6,93142,0.0,IF1903
2019-03-07,3835.6,3853.6,3775.0,3808.8,95875,0.0,IF1903
2019-03-08,3720.0,3776.0,3662.6,3673.2,102152,0.0,IF1903
2019-03-11,3691.2,3737.2,3662.6,3721.0,80228,0.0,IF1903
2019-03-12,3753.0,3808.0,3721.0,3747.4,86115,0.0,IF1903
2019-03-13,3750.4,3758.2,3698.6,3720.8,77651,0.0,IF1903
2019-03-14,3711.0,3746.0,3682.0,3699.0,50213,0.0,IF1903
2019-03-15,3719.8,3789.8,3718.0,3741.2,22828,0.0,IF1903
2019-03-18,3760.8,3871.4,3741.6,3868.2,87041,0.0,IF1906
2019-03-19,3868.6,3877.6,3822.2,3836.0,72405,0.0,IF1906
2019-03-20,3826.6,3863.0,3795.0,3837.4,83550,0.0,IF1906
2019-03-21,3851.4,3869.8,3823.6,3830.0,88303,0.0,IF1906
2019-03-22,3838.0,3851.8,3782.2,3843.4,84997,0.0,IF1906
2019-03-25,3785.0,3808.0,3733.2,3740.8,81930,0.0,IF1906
2019-03-26,3765.2,3769.4,3685.8,3709.0,75545,0.0,IF1906
2019-03-27,3721.0,3749.6,3713.2,3730.0,71377,0.0,IF1906
2019-03-28,3716.0,3748.0,3703.0,3721.8,66848,0.0,IF1906
2019-03-29,3732.8,3895.6,3732.8,3876.2,90543,0.0,IF1906
2019-04-01,3915.0,3988.8,3914.2,3982.0,76725,0.0,IF1906
2019-04-02,4000.0,4002.0,3958.6,3971.2,58191,0.0,IF1906
2019-04-03,3951.0,4048.0,3949.8,4030.8,72143,0.0,IF1906
2019-04-04,4048.8,4091.0,4023.4,4085.6,81886,0.0,IF1906
2019-04-08,4125.0,4135.0,4018.2,4052.2,83340,0.0,IF1906
2019-04-09,4059.0,4097.0,4041.2,4081.6,72053,0.0,IF1906
2019-04-10,4068.0,4127.0,4036.0,4089.6,81323,0.0,IF1906
2019-04-11,4090.0,4104.4,3987.4,4013.0,84743,0.0,IF1906
2019-04-12,4009.0,4016.4,3969.0,3996.8,71594,0.0,IF1906
2019-04-15,4059.0,4091.6,3960.0,3967.8,86958,0.0,IF1906
2019-04-16,3960.2,4094.0,3951.2,4093.0,78483,0.0,IF1906
2019-04-17,4080.2,4111.4,4056.4,4080.6,65274,0.0,IF1906
2019-04-18,4081.8,4093.8,4058.4,4070.6,37967,0.0,IF1906
2019-04-19,4085.0,4140.6,4035.8,4130.2,81562,0.0,IF1906
2019-04-22,4130.0,4134.4,3993.6,4020.2,101759,0.0,IF1906
2019-04-23,4013.8,4065.6,4005.2,4018.8,96721,0.0,IF1906
2019-04-24,4037.0,4044.0,3962.6,4025.0,104494,0.0,IF1906
2019-04-25,4015.4,4024.4,3945.2,3948.6,96784,0.0,IF1906
2019-04-26,3940.0,3955.8,3882.2,3891.4,108242,0.0,IF1906
2019-04-29,3905.0,3962.8,3888.0,3914.8,107414,0.0,IF1906
2019-04-30,3902.0,3929.6,3893.6,3913.8,86456,0.0,IF1906
2019-05-06,3776.8,3808.2,3623.4,3668.0,118222,0.0,IF1906
2019-05-07,3708.0,3743.4,3676.0,3714.4,109927,0.0,IF1906
2019-05-08,3655.4,3730.8,3651.4,3664.2,99313,0.0,IF1906
2019-05-09,3642.0,3661.4,3572.2,3597.6,112676,0.0,IF1906
2019-05-10,3651.4,3742.0,3564.4,3711.0,148150,0.0,IF1906
2019-05-13,3672.2,3691.8,3635.6,3657.2,270,0.0,IF1906
2019-05-14,3646.0,3686.4,3626.2,3638.6,320,0.0,IF1906
2019-05-15,3680.0,3744.6,3666.6,3715.2,294,0.0,IF1906
2019-05-16,3706.6,3740.0,3692.0,3732.8,55002,0.0,IF1906
2019-05-17,3713.0,3715.4,3597.4,3617.4,110521,0.0,IF1906
2019-05-20,3622.4,3625.6,3551.2,3587.8,118242,0.0,IF1906
2019-05-21,3597.8,3673.6,3590.8,3625.2,124865,0.0,IF1906
2019-05-22,3629.2,3642.0,3590.6,3622.0,100564,0.0,IF1906
2019-05-23,3603.6,3607.4,3545.8,3557.6,111869,0.0,IF1906
2019-05-24,3571.0,3606.0,3553.0,3569.4,111611,0.0,IF1906
2019-05-27,3574.2,3630.0,3525.0,3607.2,130273,0.0,IF1906
2019-05-28,3605.4,3658.4,3603.8,3626.0,110841,0.0,IF1906
2019-05-29,3614.8,3671.4,3608.2,3627.4,104406,0.0,IF1906
2019-05-30,3630.8,3632.0,3568.0,3619.4,112926,0.0,IF1906
2019-05-31,3613.2,3653.6,3591.0,3594.8,113056,0.0,IF1906
2019-06-03,3620.2,3661.6,3582.0,3613.8,126250,0.0,IF1906
2019-06-04,3613.0,3620.8,3565.6,3586.2,95593,0.0,IF1906
2019-06-05,3618.0,3623.0,3573.0,3574.6,103624,0.0,IF1906
2019-06-06,3578.0,3584.0,3542.6,3544.6,100327,0.0,IF1906
2019-06-10,3566.6,3615.6,3553.8,3591.8,103382,0.0,IF1906
2019-06-11,3601.2,3717.8,3600.8,3706.2,118180,0.0,IF1906
2019-06-12,3695.0,3699.6,3668.0,3676.0,79003,0.0,IF1906
2019-06-13,3679.0,3689.0,3635.0,3668.6,99316,0.0,IF1906
2019-06-14,3676.0,3692.4,3633.0,3645.0,79619,0.0,IF1906
2019-06-17,3647.0,3680.0,3635.2,3652.0,81126,0.0,IF1906
2019-06-18,3657.6,3673.8,3626.8,3661.2,88852,0.0,IF1906
2019-06-19,3761.0,3782.0,3710.2,3718.4,87232,0.0,IF1906
2019-06-20,3721.0,3868.0,3719.4,3821.6,71123,0.0,IF1906
2019-06-21,3826.0,3848.8,3793.8,3809.2,88069,0.0,IF1906
2019-06-24,3810.6,3828.4,3792.0,3814.0,73527,0.0,IF1909
2019-06-25,3810.0,3814.0,3725.6,3773.0,110837,0.0,IF1909
2019-06-26,3753.0,3788.0,3748.6,3769.0,72469,0.0,IF1909
2019-06-27,3782.0,3839.6,3780.4,3813.8,104429,0.0,IF1909
2019-06-28,3808.4,3817.6,3781.0,3817.6,87016,0.0,IF1909
2019-07-01,3893.0,3927.0,3866.0,3911.0,103948,0.0,IF1909
2019-07-02,3900.2,3919.2,3895.2,3913.0,62884,0.0,IF1909
2019-07-03,3900.0,3903.0,3866.2,3879.2,76993,0.0,IF1909
2019-07-04,3884.4,3895.8,3832.4,3855.8,82620,0.0,IF1909
2019-07-05,3857.0,3883.4,3844.0,3874.6,76528,0.0,IF1909
2019-07-08,3856.8,3856.8,3747.2,3780.0,103317,0.0,IF1909
2019-07-09,3788.8,3795.6,3756.0,3771.4,74406,0.0,IF1909
2019-07-10,3792.6,3797.0,3759.2,3772.6,64949,0.0,IF1909
2019-07-11,3793.0,3822.4,3753.2,3769.2,92533,0.0,IF1909
2019-07-12,3770.0,3817.6,3763.2,3799.8,94387,0.0,IF1909
2019-07-15,3778.0,3848.0,3731.6,3817.8,113914,0.0,IF1909
2019-07-16,3812.2,3827.0,3794.0,3803.4,67952,0.0,IF1909
2019-07-17,3790.0,3818.0,3774.2,3794.6,67149,0.0,IF1909
2019-07-18,3780.0,3790.8,3769.0,3770.6,50476,0.0,IF1909
2019-07-19,3787.0,3834.6,3787.0,3805.8,22998,0.0,IF1909
2019-07-22,3804.0,3813.8,3750.0,3769.2,89650,0.0,IF1909
2019-07-23,3780.2,3787.0,3763.0,3780.0,61911,0.0,IF1909
2019-07-24,3795.2,3843.8,3795.0,3810.0,83044,0.0,IF1909
2019-07-25,3815.0,3849.6,3807.2,3848.8,77855,0.0,IF1909
2019-07-26,3833.2,3862.6,3831.2,3851.8,64654,0.0,IF1909
2019-07-29,3848.0,3854.0,3827.4,3843.6,64476,0.0,IF1909
2019-07-30,3852.8,3888.8,3852.0,3861.4,74394,0.0,IF1909
2019-07-31,3848.0,3848.4,3824.4,3838.0,64208,0.0,IF1909
2019-08-01,3817.6,3829.6,3785.2,3798.4,69456,0.0,IF1909
2019-08-02,3720.0,3748.0,3711.6,3740.0,72705,0.0,IF1909
2019-08-05,3711.0,3724.0,3663.0,3667.0,84366,0.0,IF1909
2019-08-06,3607.4,3639.0,3572.8,3625.8,96925,0.0,IF1909
2019-08-07,3641.0,3643.8,3596.0,3598.2,66670,0.0,IF1909
2019-08-08,3633.4,3652.0,3619.4,3638.8,76072,0.0,IF1909
2019-08-09,3656.4,3658.8,3603.4,3621.6,67847,0.0,IF1909
2019-08-12,3640.0,3677.4,3626.6,3672.8,73600,0.0,IF1909
2019-08-13,3655.0,3664.8,3636.8,3652.2,60091,0.0,IF1909
2019-08-14,3698.0,3706.8,3671.4,3673.4,57209,0.0,IF1909
2019-08-15,3614.4,3698.4,3614.0,3688.4,47323,0.0,IF1909
2019-08-16,3678.0,3713.4,3658.2,3684.8,91313,0.0,IF1909
2019-08-19,3718.4,3787.4,3697.4,3783.4,108377,0.0,IF1909
2019-08-20,3772.4,3794.0,3771.0,3772.0,71017,0.0,IF1909
2019-08-21,3770.6,3782.8,3765.6,3775.0,56892,0.0,IF1909
2019-08-22,3783.2,3785.6,3758.6,3777.2,67974,0.0,IF1909
2019-08-23,3780.0,3824.0,3772.4,3805.2,94914,0.0,IF1909
2019-08-26,3755.4,3777.6,3744.0,3762.2,84692,0.0,IF1909
2019-08-27,3780.0,3850.8,3778.4,3803.4,112067,0.0,IF1909
2019-08-28,3812.8,3817.6,3786.0,3795.0,67796,0.0,IF1909
2019-08-29,3798.4,3800.2,3758.8,3782.2,81786,0.0,IF1909
2019-08-30,3807.6,3829.6,3766.0,3791.8,88595,0.0,IF1909
2019-09-02,3793.6,3858.0,3788.6,3832.6,87606,0.0,IF1909
2019-09-03,3839.8,3844.6,3823.0,3835.0,59650,0.0,IF1909
2019-09-04,3842.0,3888.8,3835.4,3888.0,94788,0.0,IF1909
2019-09-05,3914.8,3980.6,3914.0,3923.6,109117,0.0,IF1909
2019-09-06,3941.0,3958.0,3928.2,3958.0,77323,0.0,IF1909
2019-09-09,3980.0,3983.8,3952.6,3968.2,77803,0.0,IF1909
2019-09-10,3976.2,3978.0,3938.2,3960.6,67884,0.0,IF1909
2019-09-11,3969.0,3972.6,3926.0,3933.8,80275,0.0,IF1909
2019-09-12,3953.4,3987.6,3942.0,3976.8,72082,0.0,IF1909
2019-09-16,3976.8,3978.8,3938.6,3959.8,66673,0.0,IF1909
2019-09-17,3949.8,3951.8,3875.6,3888.4,77870,0.0,IF1909
2019-09-18,3903.4,3922.0,3898.6,3904.2,55124,0.0,IF1909
2019-09-19,3916.6,3925.0,3893.2,3925.0,44195,0.0,IF1909
2019-09-20,3930.6,3939.4,3922.0,3932.0,19946,0.0,IF1909
2019-09-23,3912.2,3913.0,3867.6,3894.8,70709,0.0,IF1912
2019-09-24,3902.0,3934.0,3889.2,3894.6,76051,0.0,IF1912
2019-09-25,3884.6,3894.0,3868.6,3869.6,66731,0.0,IF1912
2019-09-26,3885.0,3895.4,3841.8,3844.4,70645,0.0,IF1912
2019-09-27,3852.2,3864.2,3840.2,3855.8,51720,0.0,IF1912
2019-09-30,3850.0,3859.4,3792.6,3794.0,60415,0.0,IF1912
2019-10-08,3811.0,3855.8,3810.0,3828.0,60198,0.0,IF1912
2019-10-09,3811.0,3839.6,3795.6,3832.8,60233,0.0,IF1912
2019-10-10,3824.8,3871.2,3820.8,3863.8,64277,0.0,IF1912
2019-10-11,3875.8,3926.6,3857.2,3913.4,75644,0.0,IF1912
2019-10-14,3943.4,3988.6,3931.4,3945.2,77993,0.0,IF1912
2019-10-15,3943.0,3948.6,3931.0,3934.8,49238,0.0,IF1912
2019-10-16,3938.8,3968.4,3915.0,3917.8,63102,0.0,IF1912
2019-10-17,3925.6,3938.6,3913.0,3926.8,42843,0.0,IF1912
2019-10-18,3932.4,3944.8,3876.0,3880.6,19680,0.0,IF1912
2019-10-21,3856.6,3875.0,3847.0,3866.8,52376,0.0,IF1912
2019-10-22,3879.0,3892.4,3852.4,3878.8,61352,0.0,IF1912
2019-10-23,3874.0,3888.8,3843.0,3862.8,56407,0.0,IF1912
2019-10-24,3865.4,3884.8,3841.6,3870.4,65622,0.0,IF1912
2019-10-25,3864.0,3902.0,3837.2,3899.0,77655,0.0,IF1912
2019-10-28,3908.0,3930.0,3895.6,3919.0,67048,0.0,IF1912
2019-10-29,3920.4,3924.6,3903.6,3905.0,47765,0.0,IF1912
2019-10-30,3900.2,3906.0,3870.0,3877.0,61555,0.0,IF1912
2019-10-31,3891.6,3896.6,3865.0,3879.0,56173,0.0,IF1912
2019-11-01,3875.0,3960.0,3866.6,3959.4,82327,0.0,IF1912
2019-11-04,3969.8,3982.8,3960.2,3974.2,58904,0.0,IF1912
2019-11-05,3978.6,4039.8,3968.8,3996.4,80309,0.0,IF1912
2019-11-06,3999.0,4004.4,3969.4,3983.0,60617,0.0,IF1912
2019-11-07,3979.6,4014.0,3971.6,3990.2,68449,0.0,IF1912
2019-11-08,4015.4,4021.8,3967.2,3968.8,67445,0.0,IF1912
2019-11-11,3940.0,3945.8,3894.0,3906.6,60327,0.0,IF1912
2019-11-12,3913.0,3920.6,3876.8,3897.6,61805,0.0,IF1912
2019-11-13,3891.0,3905.8,3880.6,3900.0,51375,0.0,IF1912
2019-11-14,3906.4,3915.6,3891.8,3900.0,39426,0.0,IF1912
2019-11-15,3902.8,3915.0,3871.2,3879.0,71712,0.0,IF1912
2019-11-18,3877.6,3919.6,3867.0,3908.8,71902,0.0,IF1912
2019-11-19,3904.6,3953.6,3902.2,3953.6,70905,0.0,IF1912
2019-11-20,3941.8,3947.4,3896.6,3907.8,64929,0.0,IF1912
2019-11-21,3890.2,3906.6,3870.2,3888.4,67135,0.0,IF1912
2019-11-22,3901.0,3928.8,3828.2,3839.6,99420,0.0,IF1912
2019-11-25,3853.6,3877.8,3842.2,3873.4,67136,0.0,IF1912
2019-11-26,3890.0,3896.8,3860.8,3875.8,74863,0.0,IF1912
2019-11-27,3873.0,3894.6,3854.8,3878.8,69213,0.0,IF1912
2019-11-28,3874.8,3893.0,3856.2,3868.6,63075,0.0,IF1912
2019-11-29,3861.0,3872.0,3808.0,3827.4,83770,0.0,IF1912
2019-12-02,3842.4,3854.8,3828.2,3838.0,57742,0.0,IF1912
2019-12-03,3828.6,3858.0,3812.0,3856.6,64798,0.0,IF1912
2019-12-04,3842.2,3854.8,3829.2,3852.4,61308,0.0,IF1912
2019-12-05,3864.0,3893.0,3861.4,3880.0,79769,0.0,IF1912
2019-12-06,3884.0,3910.6,3881.8,3909.6,64097,0.0,IF1912
2019-12-09,3915.8,3917.8,3888.6,3900.4,61481,0.0,IF1912
2019-12-10,3889.4,3910.0,3888.0,3903.0,53436,0.0,IF1912
2019-12-11,3910.0,3913.6,3892.0,3909.2,59544,0.0,IF1912
2019-12-12,3915.0,3915.8,3894.0,3895.4,50172,0.0,IF1912
2019-12-13,3930.0,3988.0,3929.0,3979.6,79140,0.0,IF1912
2019-12-16,3969.0,3994.4,3960.4,3988.0,60507,0.0,IF1912
2019-12-17,3991.6,4081.0,3987.2,4048.2,80657,0.0,IF1912
2019-12-18,4049.6,4068.0,4032.0,4038.4,55304,0.0,IF1912
2019-12-19,4038.0,4043.0,4019.0,4028.8,37220,0.0,IF1912
2019-12-20,4054.0,4068.8,4034.0,4035.0,62066,0.0,IF1912
2019-12-23,4031.0,4053.0,3972.6,3979.4,73788,0.0,IF2003
2019-12-24,3990.0,4008.6,3977.4,3998.4,48197,0.0,IF2003
2019-12-25,3996.0,4011.2,3982.4,4002.8,57465,0.0,IF2003
2019-12-26,4005.0,4036.0,4003.6,4034.6,67695,0.0,IF2003
2019-12-27,4038.8,4083.0,4028.0,4028.0,88617,0.0,IF2003
2019-12-30,4027.6,4106.2,4014.2,4090.8,89233,0.0,IF2003
2019-12-31,4090.0,4116.2,4077.4,4109.4,63615,0.0,IF2003
2020-01-02,4131.2,4190.6,4131.2,4160.4,81815,0.0,IF2003
2020-01-03,4171.2,4175.2,4145.2,4151.8,59449,0.0,IF2003
2020-01-06,4133.2,4184.8,4103.4,4132.6,84030,0.0,IF2003
2020-01-07,4147.6,4173.8,4140.2,4162.4,67920,0.0,IF2003
2020-01-08,4137.0,4160.2,4105.2,4125.6,78425,0.0,IF2003
2020-01-09,4153.0,4174.6,4145.2,4166.4,67568,0.0,IF2003
2020-01-10,4182.0,4188.6,4151.6,4165.0,58591,0.0,IF2003
2020-01-13,4173.4,4212.6,4149.6,4210.8,67535,0.0,IF2003
2020-01-14,4221.2,4235.0,4193.8,4198.8,53659,0.0,IF2003
2020-01-15,4190.0,4204.2,4155.6,4163.2,55203,0.0,IF2003
2020-01-16,4169.4,4173.2,4142.0,4157.4,40645,0.0,IF2003
2020-01-17,4169.0,4183.4,4144.4,4151.6,19173,0.0,IF2003
2020-01-20,4186.0,4206.2,4166.2,4202.2,53915,0.0,IF2003
2020-01-21,4176.2,4179.0,4117.6,4123.4,63514,0.0,IF2003
2020-01-22,4105.6,4155.0,4048.0,4136.4,77951,0.0,IF2003
2020-01-23,4093.0,4106.0,3961.8,3994.2,79898,0.0,IF2003
2020-02-03,3673.0,3746.0,3591.2,3591.2,87300,0.0,IF2003
2020-02-04,3660.0,3782.2,3659.8,3766.8,87830,0.0,IF2003
2020-02-05,3787.6,3849.6,3766.0,3800.4,84416,0.0,IF2003
2020-02-06,3815.0,3917.4,3789.0,3891.8,92820,0.0,IF2003
2020-02-07,3870.2,3896.6,3843.6,3892.8,75548,0.0,IF2003
2020-02-10,3865.8,3915.0,3855.8,3891.4,74000,0.0,IF2003
2020-02-11,3918.6,3956.0,3909.0,3935.6,72619,0.0,IF2003
2020-02-12,3924.2,3971.6,3921.2,3966.4,62759,0.0,IF2003
2020-02-13,3962.6,3986.8,3938.4,3953.0,64289,0.0,IF2003
2020-02-14,3948.0,4002.8,3947.2,3983.8,68877,0.0,IF2003
2020-02-17,4000.4,4083.2,3996.0,4079.2,68545,0.0,IF2003
2020-02-18,4064.2,4075.0,4023.0,4046.2,58223,0.0,IF2003
2020-02-19,4049.2,4082.2,4039.2,4049.2,48570,0.0,IF2003
2020-02-20,4067.8,4158.8,4051.2,4138.4,90567,0.0,IF2003
2020-02-21,4130.2,4192.6,4130.0,4158.6,96644,0.0,IF2003
2020-02-24,4133.6,4152.0,4093.4,4120.0,102077,0.0,IF2003
2020-02-25,4093.0,4128.0,4025.8,4117.0,119749,0.0,IF2003
2020-02-26,4075.0,4124.0,4052.8,4076.0,117949,0.0,IF2003
2020-02-27,4089.0,4107.6,4070.2,4077.8,92617,0.0,IF2003
2020-02-28,3992.2,4027.0,3908.0,3925.8,126109,0.0,IF2003
2020-03-02,3967.6,4095.6,3965.2,4056.4,114169,0.0,IF2003
2020-03-03,4118.4,4147.6,4060.0,4072.4,106544,0.0,IF2003
2020-03-04,4074.0,4106.6,4055.2,4106.2,94519,0.0,IF2003
2020-03-05,4146.0,4211.6,4116.4,4191.8,112069,0.0,IF2003
2020-03-06,4161.4,4169.8,4120.4,4120.8,90386,0.0,IF2003
2020-03-09,4050.0,4052.0,3962.8,3977.8,108437,0.0,IF2003
2020-03-10,4010.0,4095.0,3949.6,4072.2,131800,0.0,IF2003
2020-03-11,4067.2,4078.0,4001.0,4001.4,101183,0.0,IF2003
2020-03-12,3956.0,3968.0,3896.2,3949.0,107443,0.0,IF2003
2020-03-13,3751.2,3931.0,3716.0,3894.2,133433,0.0,IF2003
2020-03-16,3872.6,3876.2,3691.0,3692.0,113253,0.0,IF2003
2020-03-17,3799.0,3808.0,3608.2,3682.0,131932,0.0,IF2003
2020-03-18,3697.2,3765.6,3596.8,3610.0,117815,0.0,IF2003
2020-03-19,3628.8,3654.4,3480.0,3584.0,90159,0.0,IF2003
2020-03-20,3623.8,3640.0,3548.0,3624.0,123068,0.0,IF2003
2020-03-23,3506.0,3565.2,3477.0,3508.6,118573,0.0,IF2006
2020-03-24,3590.0,3620.8,3527.0,3598.0,136783,0.0,IF2006
2020-03-25,3680.0,3715.0,3655.0,3687.2,127082,0.0,IF2006
2020-03-26,3660.0,3705.4,3653.8,3663.4,107586,0.0,IF2006
2020-03-27,3705.0,3745.0,3680.0,3680.2,123358,0.0,IF2006
2020-03-30,3642.0,3678.8,3617.4,3662.8,108469,0.0,IF2006
2020-03-31,3696.8,3705.2,3651.2,3652.0,102002,0.0,IF2006
2020-04-01,3661.0,3718.8,3641.0,3648.2,113390,0.0,IF2006
2020-04-02,3640.0,3728.0,3636.2,3726.8,115688,0.0,IF2006
2020-04-03,3708.2,3720.6,3675.0,3694.6,92865,0.0,IF2006
2020-04-07,3775.4,3795.4,3764.2,3775.6,93993,0.0,IF2006
2020-04-08,3770.0,3779.0,3749.4,3764.8,81781,0.0,IF2006
2020-04-09,3784.6,3791.0,3770.4,3779.6,74387,0.0,IF2006
2020-04-10,3782.4,3813.2,3743.8,3763.2,99222,0.0,IF2006
2020-04-13,3746.8,3762.0,3734.8,3745.0,65187,0.0,IF2006
2020-04-14,3770.2,3812.0,3759.0,3812.0,79296,0.0,IF2006
2020-04-15,3805.0,3820.2,3788.2,3789.4,67343,0.0,IF2006
2020-04-16,3779.2,3805.2,3775.0,3796.8,52172,0.0,IF2006
2020-04-17,3832.0,3861.0,3822.6,3850.4,24683,0.0,IF2006
2020-04-20,3804.8,3812.0,3785.8,3807.4,64035,0.0,IF2006
2020-04-21,3794.0,3799.0,3729.0,3762.4,83329,0.0,IF2006
2020-04-22,3740.0,3803.0,3740.0,3801.6,82359,0.0,IF2006
2020-04-23,3806.6,3814.4,3776.2,3788.8,72238,0.0,IF2006
2020-04-24,3780.8,3784.8,3760.4,3775.0,69684,0.0,IF2006
2020-04-27,3785.0,3826.4,3774.4,3795.2,74968,0.0,IF2006
2020-04-28,3808.6,3834.8,3743.6,3816.8,96935,0.0,IF2006
2020-04-29,3819.8,3849.8,3810.8,3838.4,70166,0.0,IF2006
2020-04-30,3855.0,3911.8,3855.0,3904.6,81655,0.0,IF2006
2020-05-06,3860.0,3924.8,3857.8,3916.4,71890,0.0,IF2006
2020-05-07,3917.8,3920.8,3893.4,3908.6,60946,0.0,IF2006
2020-05-08,3929.0,3972.8,3924.2,3949.0,75192,0.0,IF2006
2020-05-11,3966.0,3994.0,3940.0,3947.0,69113,0.0,IF2006
2020-05-12,3954.4,3966.8,3926.8,3948.0,67049,0.0,IF2006
2020-05-13,3937.2,3966.0,3922.4,3958.8,60476,0.0,IF2006
2020-05-14,3942.8,3944.6,3922.2,3928.0,44982,0.0,IF2006
2020-05-15,3901.4,3906.0,3861.0,3861.0,77917,0.0,IF2006
2020-05-18,3871.8,3910.0,3856.8,3881.4,87290,0.0,IF2006
2020-05-19,3918.0,3930.8,3902.4,3911.8,66784,0.0,IF2006
2020-05-20,3916.2,3917.8,3891.8,3898.6,63599,0.0,IF2006
2020-05-21,3908.0,3913.4,3868.6,3870.2,67235,0.0,IF2006
2020-05-22,3861.0,3866.0,3778.0,3783.0,92219,0.0,IF2006
2020-05-25,3794.0,3801.4,3768.6,3792.6,74088,0.0,IF2006
2020-05-26,3813.0,3832.0,3808.8,3828.8,65443,0.0,IF2006
2020-05-27,3824.0,3826.6,3798.0,3811.2,63082,0.0,IF2006
2020-05-28,3812.8,3855.8,3777.4,3815.8,100809,0.0,IF2006
2020-05-29,3795.4,3838.4,3790.6,3820.0,75609,0.0,IF2006
2020-06-01,3871.0,3948.6,3870.0,3938.8,85326,0.0,IF2006
2020-06-02,3940.0,3964.4,3931.0,3955.0,64896,0.0,IF2006
2020-06-03,3978.0,3997.8,3950.8,3951.0,73738,0.0,IF2006
2020-06-04,3970.0,3972.0,3941.4,3952.0,61208,0.0,IF2006
2020-06-05,3962.0,3979.8,3938.6,3979.0,64971,0.0,IF2006
2020-06-08,3995.0,4024.6,3982.6,3991.4,73774,0.0,IF2006
2020-06-09,3992.8,4026.0,3986.0,4014.8,74332,0.0,IF2006
2020-06-10,4020.0,4020.0,3999.0,4013.8,62926,0.0,IF2006
2020-06-11,4005.0,4024.0,3946.8,3965.0,88133,0.0,IF2006
2020-06-12,3925.2,4004.0,3920.0,3986.2,85018,0.0,IF2006
2020-06-15,3966.0,3987.6,3926.6,3929.4,81545,0.0,IF2006
2020-06-16,3980.0,4005.8,3974.2,4000.0,72249,0.0,IF2006
2020-06-17,3996.8,4009.0,3979.6,4007.0,55438,0.0,IF2006
2020-06-18,4000.0,4048.0,3991.8,4042.0,47873,0.0,IF2006
2020-06-19,3996.2,4070.6,3996.0,4046.8,88652,0.0,IF2006
2020-06-22,4052.8,4087.8,4039.0,4051.2,78166,0.0,IF2009
2020-06-23,4029.2,4078.2,4024.6,4074.0,78935,0.0,IF2009
2020-06-24,4089.0,4110.0,4080.2,4109.6,67490,0.0,IF2009
2020-06-29,4100.8,4108.6,4052.2,4078.0,73040,0.0,IF2009
2020-06-30,4099.8,4149.2,4099.0,4120.6,81335,0.0,IF2009
2020-07-01,4141.4,4233.6,4130.6,4218.8,103376,0.0,IF2009
2020-07-02,4220.0,4485.6,4215.6,4323.2,116273,0.0,IF2009
2020-07-03,4343.8,4413.8,4331.4,4407.0,113158,0.0,IF2009
2020-07-06,4460.0,4762.0,4458.8,4734.0,152936,0.0,IF2009
2020-07-07,4786.2,4818.0,4701.2,4712.2,144237,0.0,IF2009
2020-07-08,4741.0,4810.0,4695.8,4759.6,128823,0.0,IF2009
2020-07-09,4748.0,4846.8,4743.0,4835.8,128161,0.0,IF2009
2020-07-10,4798.6,4819.0,4724.2,4745.0,118038,0.0,IF2009
2020-07-13,4760.6,4887.6,4745.2,4838.0,120999,0.0,IF2009
2020-07-14,4825.0,4852.6,4716.6,4793.0,126167,0.0,IF2009
2020-07-15,4815.6,4844.8,4718.4,4736.2,117188,0.0,IF2009
2020-07-16,4742.0,4782.6,4485.0,4496.0,98371,0.0,IF2009
2020-07-17,4533.0,4587.8,4483.0,4526.4,128547,0.0,IF2009
2020-07-20,4576.8,4661.0,4522.0,4644.8,126817,0.0,IF2009
2020-07-21,4671.0,4685.4,4633.0,4657.4,100894,0.0,IF2009
2020-07-22,4657.8,4789.0,4645.4,4681.0,138215,0.0,IF2009
2020-07-23,4649.8,4719.4,4579.0,4688.6,149544,0.0,IF2009
2020-07-24,4656.2,4670.0,4435.0,4465.0,156303,0.0,IF2009
2020-07-27,4510.0,4544.0,4463.6,4497.0,112352,0.0,IF2009
2020-07-28,4544.8,4566.2,4496.6,4528.8,108155,0.0,IF2009
2020-07-29,4519.2,4676.8,4516.4,4672.4,132324,0.0,IF2009
2020-07-30,4673.0,4689.0,4631.2,4635.0,99456,0.0,IF2009
2020-07-31,4653.2,4745.6,4580.2,4659.6,149528,0.0,IF2009
2020-08-03,4728.2,4754.4,4697.0,4740.6,112875,0.0,IF2009
2020-08-04,4753.2,4783.0,4726.0,4756.6,109372,0.0,IF2009
2020-08-05,4742.6,4767.4,4673.2,4742.0,115606,0.0,IF2009
2020-08-06,4766.0,4772.8,4727.0,4732.0,131183,0.0,IF2009
2020-08-07,4707.2,4715.0,4601.0,4684.0,133870,0.0,IF2009
2020-08-10,4669.0,4741.0,4609.4,4700.0,117578,0.0,IF2009
2020-08-11,4719.0,4779.0,4639.2,4652.8,118017,0.0,IF2009
2020-08-12,4650.6,4661.8,4541.6,4626.8,124191,0.0,IF2009
2020-08-13,4645.6,4653.8,4595.8,4606.4,93849,0.0,IF2009
2020-08-14,4600.0,4718.0,4590.4,4717.4,112458,0.0,IF2009
2020-08-17,4735.0,4843.6,4718.8,4812.2,111121,0.0,IF2009
2020-08-18,4808.0,4829.0,4780.4,4803.6,76766,0.0,IF2009
2020-08-19,4803.6,4807.6,4724.8,4729.4,78970,0.0,IF2009
2020-08-20,4691.2,4717.8,4656.6,4682.8,50653,0.0,IF2009
2020-08-21,4691.6,4719.6,4650.6,4693.0,108473,0.0,IF2009
2020-08-24,4724.0,4747.0,4687.4,4711.0,103937,0.0,IF2009
2020-08-25,4728.0,4783.4,4708.4,4733.4,109513,0.0,IF2009
2020-08-26,4730.6,4762.0,4658.6,4674.0,121736,0.0,IF2009
2020-08-27,4690.0,4713.8,4653.8,4710.4,99231,0.0,IF2009
2020-08-28,4707.8,4848.8,4693.2,4843.6,132054,0.0,IF2009
2020-08-31,4865.2,4898.0,4778.0,4786.0,119025,0.0,IF2009
2020-09-01,4782.8,4828.8,4776.0,4826.0,94596,0.0,IF2009
2020-09-02,4843.2,4848.4,4761.4,4808.2,124238,0.0,IF2009
2020-09-03,4808.0,4855.0,4772.0,4798.6,121680,0.0,IF2009
2020-09-04,4740.0,4768.0,4708.0,4752.8,110454,0.0,IF2009
2020-09-07,4752.0,4778.2,4629.4,4645.6,123468,0.0,IF2009
2020-09-08,4668.8,4698.8,4635.2,4680.8,108113,0.0,IF2009
2020-09-09,4635.0,4639.8,4543.8,4577.2,129797,0.0,IF2009
2020-09-10,4615.8,4634.6,4561.0,4575.2,113035,0.0,IF2009
2020-09-11,4571.0,4625.4,4558.0,4612.6,97445,0.0,IF2009
2020-09-14,4636.0,4654.2,4613.0,4644.8,87341,0.0,IF2009
2020-09-15,4639.8,4687.0,4624.4,4677.6,94615,0.0,IF2009
2020-09-16,4673.4,4676.4,4628.8,4648.2,79033,0.0,IF2009
2020-09-17,4640.2,4664.6,4598.6,4625.6,61290,0.0,IF2009
2020-09-18,4609.8,4736.0,4604.0,4734.8,122641,0.0,IF2009
2020-09-21,4744.8,4752.6,4666.0,4673.6,92186,0.0,IF2012
2020-09-22,4656.6,4698.0,4591.8,4617.8,105241,0.0,IF2012
2020-09-23,4623.2,4646.0,4601.0,4621.2,78554,0.0,IF2012
2020-09-24,4601.6,4607.8,4526.0,4548.4,105376,0.0,IF2012
2020-09-25,4567.2,4587.6,4542.4,4563.4,84071,0.0,IF2012
2020-09-28,4580.8,4611.6,4558.6,4577.0,76978,0.0,IF2012
2020-09-29,4600.0,4618.8,4580.2,4586.2,78297,0.0,IF2012
2020-09-30,4607.2,4629.6,4536.8,4555.4,84333,0.0,IF2012
2020-10-09,4648.4,4697.2,4645.6,4660.4,72793,0.0,IF2012
2020-10-12,4690.0,4824.0,4689.8,4819.6,85310,0.0,IF2012
2020-10-13,4808.2,4845.2,4788.6,4832.2,69106,0.0,IF2012
2020-10-14,4823.2,4823.6,4793.2,4813.6,61885,0.0,IF2012
2020-10-15,4813.8,4836.0,4790.0,4802.6,51864,0.0,IF2012
2020-10-16,4806.2,4826.2,4763.0,4787.6,25192,0.0,IF2012
2020-10-19,4811.8,4843.4,4708.8,4731.6,99470,0.0,IF2012
2020-10-20,4728.4,4768.0,4720.2,4762.0,60583,0.0,IF2012
2020-10-21,4777.0,4780.2,4723.0,4769.6,71633,0.0,IF2012
2020-10-22,4750.0,4768.8,4696.0,4751.0,82988,0.0,IF2012
2020-10-23,4752.0,4779.6,4698.4,4711.0,87647,0.0,IF2012
2020-10-26,4680.0,4695.0,4621.0,4670.0,79087,0.0,IF2012
2020-10-27,4670.0,4690.0,4650.6,4680.6,62007,0.0,IF2012
2020-10-28,4680.6,4742.0,4665.2,4724.2,74786,0.0,IF2012
2020-10-29,4678.8,4791.8,4672.0,4770.4,90383,0.0,IF2012
2020-10-30,4769.8,4772.4,4668.8,4683.6,90118,0.0,IF2012
2020-11-02,4699.0,4735.8,4686.2,4711.0,75501,0.0,IF2012
2020-11-03,4738.0,4794.0,4727.2,4756.8,84064,0.0,IF2012
2020-11-04,4762.0,4825.0,4752.8,4799.2,82044,0.0,IF2012
2020-11-05,4875.0,4884.6,4825.6,4875.0,84655,0.0,IF2012
2020-11-06,4889.8,4891.0,4832.6,4879.8,77260,0.0,IF2012
2020-11-09,4940.0,5005.8,4926.8,4974.4,89857,0.0,IF2012
2020-11-10,4978.0,4982.4,4920.4,4950.0,74562,0.0,IF2012
2020-11-11,4933.6,4957.6,4902.6,4907.4,69248,0.0,IF2012
2020-11-12,4923.2,4928.6,4887.6,4902.6,64135,0.0,IF2012
2020-11-13,4880.0,4882.8,4812.8,4850.6,80957,0.0,IF2012
2020-11-16,4886.6,4915.2,4842.2,4904.6,62624,0.0,IF2012
2020-11-17,4894.6,4898.0,4861.8,4891.6,58191,0.0,IF2012
2020-11-18,4890.2,4916.6,4865.4,4885.6,53701,0.0,IF2012
2020-11-19,4873.4,4946.6,4870.0,4933.6,38248,0.0,IF2012
2020-11-20,4925.0,4943.4,4911.8,4937.2,69914,0.0,IF2012
2020-11-23,4951.8,5032.0,4931.2,4995.0,99728,0.0,IF2012
2020-11-24,4990.4,5005.2,4960.6,4971.8,74934,0.0,IF2012
2020-11-25,4992.0,5008.6,4908.0,4910.0,91506,0.0,IF2012
2020-11-26,4915.0,4923.2,4871.8,4914.0,82445,0.0,IF2012
2020-11-27,4921.0,4990.0,4907.4,4987.8,90841,0.0,IF2012
2020-11-30,4997.0,5066.4,4956.2,4961.2,115805,0.0,IF2012
2020-12-01,4974.0,5084.2,4966.4,5075.0,102523,0.0,IF2012
2020-12-02,5077.2,5095.8,5038.4,5064.4,93026,0.0,IF2012
2020-12-03,5063.0,5082.4,5035.2,5062.2,81593,0.0,IF2012
2020-12-04,5057.2,5081.0,5009.0,5072.4,86988,0.0,IF2012
2020-12-07,5071.0,5074.6,5006.4,5028.2,87680,0.0,IF2012
2020-12-08,5042.2,5052.4,5003.0,5013.8,77989,0.0,IF2012
2020-12-09,5029.0,5040.4,4943.6,4954.0,92734,0.0,IF2012
2020-12-10,4945.8,4967.6,4926.0,4943.8,78835,0.0,IF2012
2020-12-11,4969.0,4970.0,4850.2,4887.4,91770,0.0,IF2012
2020-12-14,4900.2,4936.0,4882.2,4931.8,68384,0.0,IF2012
2020-12-15,4923.6,4955.0,4898.6,4943.6,71476,0.0,IF2012
2020-12-16,4956.8,4964.4,4935.8,4955.0,60648,0.0,IF2012
2020-12-17,4955.0,5030.8,4946.6,5029.8,53927,0.0,IF2012
2020-12-18,5019.0,5028.8,4969.0,4993.0,68830,0.0,IF2012
2020-12-21,4988.8,5056.2,4958.2,5040.8,79009,0.0,IF2103
2020-12-22,5034.8,5048.6,4955.2,4965.0,79199,0.0,IF2103
2020-12-23,4977.8,5033.0,4971.4,5001.8,82773,0.0,IF2103
2020-12-24,5002.0,5024.0,4975.0,5002.6,72642,0.0,IF2103
2020-12-25,4981.6,5047.4,4973.6,5043.4,74189,0.0,IF2103
2020-12-28,5043.8,5095.0,5034.4,5064.2,76766,0.0,IF2103
2020-12-29,5075.0,5088.6,5042.0,5052.2,71388,0.0,IF2103
2020-12-30,5047.6,5119.0,5045.0,5115.8,75976,0.0,IF2103
2020-12-31,5129.8,5231.2,5123.0,5227.0,92827,0.0,IF2103
2021-01-04,5230.0,5298.8,5192.0,5260.0,84288,0.0,IF2103
2021-01-05,5250.0,5370.8,5238.8,5359.8,88203,0.0,IF2103
2021-01-06,5374.8,5443.4,5346.6,5408.4,94934,0.0,IF2103
2021-01-07,5426.8,5531.8,5410.4,5530.0,104541,0.0,IF2103
2021-01-08,5546.4,5563.6,5450.0,5505.4,104492,0.0,IF2103
2021-01-11,5515.0,5552.2,5407.2,5436.8,109814,0.0,IF2103
2021-01-12,5427.2,5597.0,5425.0,5596.8,100185,0.0,IF2103
2021-01-13,5598.0,5641.8,5539.0,5578.6,97993,0.0,IF2103
2021-01-14,5564.6,5569.0,5466.0,5478.4,72851,0.0,IF2103
2021-01-15,5470.4,5507.0,5386.0,5438.6,29622,0.0,IF2103
2021-01-18,5432.0,5545.6,5411.0,5508.0,88074,0.0,IF2103
2021-01-19,5524.0,5524.4,5413.4,5436.4,91256,0.0,IF2103
2021-01-20,5439.0,5497.0,5428.0,5462.6,94321,0.0,IF2103
2021-01-21,5490.0,5590.2,5481.0,5550.0,101530,0.0,IF2103
2021-01-22,5547.2,5560.0,5496.0,5544.8,91686,0.0,IF2103
2021-01-25,5542.4,5619.0,5514.0,5589.0,98937,0.0,IF2103
2021-01-26,5561.2,5563.6,5483.6,5497.6,88020,0.0,IF2103
2021-01-27,5510.0,5526.0,5450.6,5495.0,81017,0.0,IF2103
2021-01-28,5440.4,5448.2,5359.0,5376.0,93969,0.0,IF2103
2021-01-29,5406.8,5419.0,5276.6,5342.4,103281,0.0,IF2103
2021-02-01,5355.0,5408.6,5345.2,5406.0,78288,0.0,IF2103
2021-02-02,5418.2,5475.0,5409.0,5469.6,74266,0.0,IF2103
2021-02-03,5467.0,5507.6,5448.0,5473.8,74095,0.0,IF2103
2021-02-04,5447.8,5499.8,5408.4,5472.2,89954,0.0,IF2103
2021-02-05,5490.4,5536.6,5467.4,5473.8,87445,0.0,IF2103
2021-02-08,5503.8,5571.4,5480.4,5535.8,78561,0.0,IF2103
2021-02-09,5565.6,5675.6,5542.6,5671.4,74802,0.0,IF2103
2021-02-10,5691.0,5828.8,5680.6,5801.0,62540,0.0,IF2103
2021-02-18,5926.2,5928.8,5721.0,5747.2,44671,0.0,IF2103
2021-02-19,5724.2,5763.0,5666.0,5746.2,109943,0.0,IF2103
2021-02-22,5759.0,5761.0,5570.0,5578.0,133089,0.0,IF2103
2021-02-23,5554.6,5627.0,5536.0,5563.6,112716,0.0,IF2103
2021-02-24,5581.0,5593.8,5364.0,5419.6,147627,0.0,IF2103
2021-02-25,5476.6,5513.2,5427.0,5466.8,119545,0.0,IF2103
2021-02-26,5363.0,5408.8,5301.0,5315.0,134897,0.0,IF2103
2021-03-01,5359.2,5398.0,5337.4,5391.2,102131,0.0,IF2103
2021-03-02,5413.8,5423.6,5260.0,5310.0,131005,0.0,IF2103
2021-03-03,5299.4,5415.0,5295.2,5411.0,102174,0.0,IF2103
2021-03-04,5363.4,5373.0,5228.0,5268.6,126868,0.0,IF2103
2021-03-05,5200.0,5300.0,5156.8,5255.4,135023,0.0,IF2103
2021-03-08,5291.2,5316.2,5045.2,5049.6,143486,0.0,IF2103
2021-03-09,5063.0,5088.0,4923.0,4966.2,165628,0.0,IF2103
2021-03-10,5031.8,5057.2,4972.0,4981.0,129551,0.0,IF2103
2021-03-11,5012.4,5123.0,5006.6,5112.0,125658,0.0,IF2103
2021-03-12,5127.2,5131.6,5057.0,5120.0,115499,0.0,IF2103
2021-03-15,5100.0,5105.0,4973.6,5028.8,122174,0.0,IF2103
2021-03-16,5043.8,5079.0,5004.0,5053.2,107522,0.0,IF2103
2021-03-17,5041.0,5112.0,4997.0,5074.2,108935,0.0,IF2103
2021-03-18,5098.0,5150.0,5097.2,5134.8,78755,0.0,IF2103
2021-03-19,5072.0,5088.6,4997.2,5006.0,37518,0.0,IF2103
2021-03-22,4950.0,5017.8,4924.4,5000.6,99348,0.0,IF2106
2021-03-23,5010.0,5020.0,4915.0,4977.4,107857,0.0,IF2106
2021-03-24,4964.6,5006.4,4895.0,4917.4,112901,0.0,IF2106
2021-03-25,4909.8,4939.6,4872.6,4916.6,102740,0.0,IF2106
2021-03-26,4941.0,5045.8,4941.0,5016.4,114974,0.0,IF2106
2021-03-29,5026.4,5054.8,4986.0,5012.0,97009,0.0,IF2106
2021-03-30,5015.8,5073.8,5002.2,5052.0,91839,0.0,IF2106
2021-03-31,5043.8,5046.8,4971.2,5017.2,93216,0.0,IF2106
2021-04-01,5035.6,5102.0,5026.2,5093.6,93055,0.0,IF2106
2021-04-02,5106.2,5146.6,5087.0,5140.8,89971,0.0,IF2106
2021-04-06,5150.0,5160.2,5090.0,5101.0,85118,0.0,IF2106
2021-04-07,5111.0,5117.8,5035.6,5068.0,86396,0.0,IF2106
2021-04-08,5050.0,5103.0,5028.4,5087.8,88682,0.0,IF2106
2021-04-09,5075.0,5077.0,5004.6,5021.6,88322,0.0,IF2106
2021-04-12,5026.0,5040.6,4936.6,4952.2,99659,0.0,IF2106
2021-04-13,4966.2,4993.0,4930.0,4950.6,93314,0.0,IF2106
2021-04-14,4958.4,4995.0,4949.2,4976.8,81650,0.0,IF2106
2021-04-15,4968.2,4970.0,4896.4,4954.0,64765,0.0,IF2106
2021-04-16,4933.0,4952.0,4883.6,4938.4,93908,0.0,IF2106
2021-04-19,4932.0,5082.0,4906.8,5072.8,113451,0.0,IF2106
2021-04-20,5050.0,5102.2,5045.0,5063.8,86996,0.0,IF2106
2021-04-21,5040.0,5089.0,5026.0,5068.0,84536,0.0,IF2106
2021-04-22,5095.0,5099.2,5039.2,5057.2,86313,0.0,IF2106
2021-04-23,5070.0,5128.8,5056.2,5119.4,96021,0.0,IF2106
2021-04-26,5140.0,5172.2,5037.2,5042.0,109495,0.0,IF2106
2021-04-27,5064.0,5075.8,5027.0,5059.2,81161,0.0,IF2106
2021-04-28,5036.6,5105.6,5024.4,5103.6,90053,0.0,IF2106
2021-04-29,5120.2,5165.6,5097.0,5157.6,93771,0.0,IF2106
2021-04-30,5145.0,5157.6,5072.0,5106.8,93867,0.0,IF2106
2021-05-06,5102.0,5131.8,5020.6,5046.0,100033,0.0,IF2106
2021-05-07,5064.0,5084.6,4978.0,4981.6,95341,0.0,IF2106
2021-05-10,4998.0,5012.2,4936.6,4988.6,88572,0.0,IF2106
2021-05-11,4956.2,5034.4,4916.4,5017.6,93994,0.0,IF2106
2021-05-12,5004.6,5052.0,4982.4,5045.6,82142,0.0,IF2106
2021-05-13,5000.0,5018.4,4961.6,4992.8,88074,0.0,IF2106
2021-05-14,5008.8,5122.2,4981.0,5121.4,99360,0.0,IF2106
2021-05-17,5118.0,5213.2,5116.0,5186.2,86308,0.0,IF2106
2021-05-18,5200.8,5214.8,5166.0,5186.8,65718,0.0,IF2106
2021-05-19,5172.4,5195.0,5148.8,5173.0,57313,0.0,IF2106
2021-05-20,5174.0,5201.2,5144.4,5183.8,46279,0.0,IF2106
2021-05-21,5190.0,5209.6,5093.6,5106.4,119574,0.0,IF2106
2021-05-24,5118.6,5135.6,5066.2,5135.2,96425,0.0,IF2106
2021-05-25,5145.4,5331.0,5140.2,5315.8,134315,0.0,IF2106
2021-05-26,5320.6,5343.6,5301.2,5315.8,90262,0.0,IF2106
2021-05-27,5307.2,5382.4,5279.8,5333.0,108424,0.0,IF2106
2021-05-28,5331.6,5358.6,5281.4,5314.0,108613,0.0,IF2106
2021-05-31,5310.0,5325.0,5270.4,5319.8,85946,0.0,IF2106
2021-06-01,5311.0,5331.8,5251.2,5323.0,107218,0.0,IF2106
2021-06-02,5332.8,5337.8,5248.2,5280.8,106742,0.0,IF2106
2021-06-03,5281.0,5299.6,5231.8,5233.2,104540,0.0,IF2106
2021-06-04,5220.0,5332.6,5206.4,5269.2,131409,0.0,IF2106
2021-06-07,5273.0,5277.8,5224.0,5263.8,81103,0.0,IF2106
2021-06-08,5262.0,5318.2,5185.8,5219.8,116983,0.0,IF2106
2021-06-09,5212.2,5244.4,5204.0,5230.6,84190,0.0,IF2106
2021-06-10,5230.0,5302.0,5221.2,5268.6,111800,0.0,IF2106
2021-06-11,5275.4,5285.0,5211.2,5216.2,95326,0.0,IF2106
2021-06-15,5218.4,5230.0,5128.2,5157.2,94147,0.0,IF2106
2021-06-16,5160.0,5162.4,5067.0,5081.0,85740,0.0,IF2106
2021-06-17,5075.0,5119.0,5074.6,5093.0,61557,0.0,IF2106
2021-06-18,5097.8,5131.2,5064.6,5094.6,30137,0.0,IF2106
2021-06-21,5060.0,5096.8,5022.2,5062.2,93196,0.0,IF2109
2021-06-22,5080.0,5093.8,5044.4,5080.2,91228,0.0,IF2109
2021-06-23,5087.0,5147.0,5075.6,5116.6,96812,0.0,IF2109
2021-06-24,5127.0,5135.0,5096.2,5133.6,67159,0.0,IF2109
2021-06-25,5136.2,5242.8,5136.2,5220.0,93241,0.0,IF2109
2021-06-28,5233.0,5241.0,5202.4,5223.0,65842,0.0,IF2109
2021-06-29,5219.0,5220.2,5157.0,5163.8,75592,0.0,IF2109
2021-06-30,5170.4,5212.0,5168.6,5192.6,70531,0.0,IF2109
2021-07-01,5215.0,5221.0,5130.0,5155.6,103627,0.0,IF2109
2021-07-02,5150.0,5155.0,5041.4,5045.2,96721,0.0,IF2109
2021-07-05,5047.8,5073.4,5029.6,5062.0,68650,0.0,IF2109
2021-07-06,5066.2,5075.0,5012.0,5067.0,90623,0.0,IF2109
2021-07-07,5040.8,5145.0,5036.4,5124.2,93770,0.0,IF2109
2021-07-08,5130.8,5136.2,5062.0,5076.4,81035,0.0,IF2109
2021-07-09,5060.2,5072.0,4995.0,5051.0,94500,0.0,IF2109
2021-07-12,5086.0,5150.6,5060.6,5112.0,101679,0.0,IF2109
2021-07-13,5115.0,5158.4,5107.4,5134.0,77109,0.0,IF2109
2021-07-14,5118.4,5121.6,5062.8,5075.0,80921,0.0,IF2109
2021-07-15,5078.6,5155.0,5060.0,5145.8,61383,0.0,IF2109
2021-07-16,5115.4,5129.4,5067.0,5074.4,75379,0.0,IF2109
2021-07-19,5063.0,5108.6,5018.6,5097.8,89767,0.0,IF2109
2021-07-20,5075.0,5103.4,5055.4,5087.2,71109,0.0,IF2109
2021-07-21,5104.2,5152.0,5101.0,5120.8,86017,0.0,IF2109
2021-07-22,5129.6,5154.0,5116.4,5126.2,66598,0.0,IF2109
2021-07-23,5118.0,5125.8,5061.2,5073.2,79982,0.0,IF2109
2021-07-26,5051.0,5052.4,4842.2,4892.0,112598,0.0,IF2109
2021-07-27,4892.6,4917.2,4695.2,4720.4,111570,0.0,IF2109
2021-07-28,4734.6,4764.8,4656.6,4737.6,113189,0.0,IF2109
2021-07-29,4821.0,4824.4,4772.4,4804.8,85098,0.0,IF2109
2021-07-30,4760.0,4791.4,4726.4,4773.6,82653,0.0,IF2109
2021-08-02,4770.0,4911.0,4736.0,4891.4,105148,0.0,IF2109
2021-08-03,4878.4,4919.2,4855.8,4903.4,78474,0.0,IF2109
2021-08-04,4893.0,4949.2,4888.8,4923.2,73095,0.0,IF2109
2021-08-05,4893.4,4947.2,4879.0,4893.4,75627,0.0,IF2109
2021-08-06,4900.0,4903.4,4857.0,4891.6,70208,0.0,IF2109
2021-08-09,4866.0,4976.8,4850.0,4943.2,87536,0.0,IF2109
2021-08-10,4938.4,5018.0,4906.2,5013.2,89894,0.0,IF2109
2021-08-11,5002.2,5031.6,4971.2,4973.4,69057,0.0,IF2109
2021-08-12,4962.8,4985.2,4940.2,4949.0,57981,0.0,IF2109
2021-08-13,4940.0,4979.4,4901.4,4933.4,73198,0.0,IF2109
2021-08-16,4923.6,4964.0,4915.4,4934.2,67567,0.0,IF2109
2021-08-17,4933.0,4968.0,4814.2,4825.8,83060,0.0,IF2109
2021-08-18,4839.8,4911.6,4819.0,4879.0,65490,0.0,IF2109
2021-08-19,4861.4,4882.2,4823.0,4853.0,46233,0.0,IF2109
2021-08-20,4800.0,4803.4,4680.6,4718.0,114753,0.0,IF2109
2021-08-23,4747.2,4812.2,4729.2,4789.8,90998,0.0,IF2109
2021-08-24,4811.0,4874.4,4805.6,4851.8,88831,0.0,IF2109
2021-08-25,4866.8,4866.8,4825.0,4851.2,70427,0.0,IF2109
2021-08-26,4842.4,4846.6,4760.0,4775.8,86799,0.0,IF2109
2021-08-27,4770.4,4848.2,4770.0,4795.2,94340,0.0,IF2109
2021-08-30,4816.0,4826.2,4750.0,4777.0,94176,0.0,IF2109
2021-08-31,4782.0,4802.4,4706.0,4778.4,104376,0.0,IF2109
2021-09-01,4767.2,4898.6,4737.2,4856.4,130017,0.0,IF2109
2021-09-02,4855.0,4879.0,4830.2,4854.2,73853,0.0,IF2109
2021-09-03,4862.2,4884.8,4821.0,4835.2,96552,0.0,IF2109
2021-09-06,4837.8,4938.0,4831.0,4914.0,96949,0.0,IF2109
2021-09-07,4919.6,5009.8,4896.4,4984.4,96791,0.0,IF2109
2021-09-08,4982.8,5014.4,4946.0,4961.0,76587,0.0,IF2109
2021-09-09,4948.0,4963.0,4920.4,4958.8,70316,0.0,IF2109
2021-09-10,4959.8,5053.0,4959.0,5016.8,100736,0.0,IF2109
2021-09-13,5004.8,5036.0,4955.8,4985.2,82597,0.0,IF2109
2021-09-14,4989.2,5008.6,4898.6,4917.2,92838,0.0,IF2109
2021-09-15,4909.8,4909.8,4839.2,4869.8,76971,0.0,IF2109
2021-09-16,4873.8,4886.6,4805.6,4812.6,61240,0.0,IF2109
2021-09-17,4802.0,4858.0,4780.0,4848.2,83240,0.0,IF2109
2021-09-22,4777.8,4834.0,4767.4,4814.6,79208,0.0,IF2112
2021-09-23,4838.0,4878.2,4821.4,4838.4,70537,0.0,IF2112
2021-09-24,4831.0,4900.0,4831.0,4857.2,80688,0.0,IF2112
2021-09-27,4879.8,4927.2,4843.6,4891.4,98399,0.0,IF2112
2021-09-28,4874.0,4909.6,4851.0,4877.2,72042,0.0,IF2112
2021-09-29,4850.0,4877.8,4797.8,4854.0,92023,0.0,IF2112
2021-09-30,4850.4,4879.4,4845.8,4855.2,57334,0.0,IF2112
2021-10-08,4900.0,4943.6,4894.8,4931.2,75373,0.0,IF2112
2021-10-11,4943.2,4990.0,4926.2,4930.2,63147,0.0,IF2112
2021-10-12,4915.6,4927.6,4838.2,4877.2,75330,0.0,IF2112
2021-10-13,4870.4,4956.8,4868.4,4935.6,63379,0.0,IF2112
2021-10-14,4935.8,4958.6,4897.4,4907.2,47250,0.0,IF2112
2021-10-15,4896.0,4934.2,4882.2,4930.8,21795,0.0,IF2112
2021-10-18,4920.0,4923.2,4824.0,4860.0,71732,0.0,IF2112
2021-10-19,4866.2,4922.8,4862.2,4905.8,55594,0.0,IF2112
2021-10-20,4920.0,4945.2,4889.0,4899.6,56119,0.0,IF2112
2021-10-21,4908.0,4948.6,4879.0,4927.6,69858,0.0,IF2112
2021-10-22,4940.0,4999.8,4933.0,4958.8,71500,0.0,IF2112
2021-10-25,4938.0,4987.8,4933.2,4973.8,58545,0.0,IF2112
2021-10-26,4986.4,5013.6,4942.8,4955.4,61088,0.0,IF2112
2021-10-27,4931.6,4934.8,4868.8,4883.2,65786,0.0,IF2112
2021-10-28,4876.0,4899.0,4851.6,4875.4,60328,0.0,IF2112
2021-10-29,4876.6,4912.4,4863.4,4910.0,57576,0.0,IF2112
2021-11-01,4885.0,4915.8,4862.0,4888.8,52427,0.0,IF2112
2021-11-02,4895.4,4923.6,4798.4,4838.2,76924,0.0,IF2112
2021-11-03,4840.0,4865.8,4804.2,4816.4,58596,0.0,IF2112
2021-11-04,4844.4,4881.4,4836.2,4863.6,53833,0.0,IF2112
2021-11-05,4853.0,4896.0,4847.8,4849.2,55633,0.0,IF2112
2021-11-08,4850.6,4876.8,4828.0,4843.4,51760,0.0,IF2112
2021-11-09,4866.0,4880.8,4816.2,4842.0,56809,0.0,IF2112
2021-11-10,4832.2,4833.0,4742.4,4811.0,71453,0.0,IF2112
2021-11-11,4804.0,4904.2,4803.2,4899.6,69656,0.0,IF2112
2021-11-12,4910.0,4916.8,4876.6,4893.8,48164,0.0,IF2112
2021-11-15,4906.8,4920.0,4868.0,4893.0,47027,0.0,IF2112
2021-11-16,4894.0,4924.8,4875.6,4887.8,52571,0.0,IF2112
2021-11-17,4881.8,4900.2,4863.6,4880.4,41583,0.0,IF2112
2021-11-18,4867.8,4869.6,4821.8,4835.8,35018,0.0,IF2112
2021-11-19,4826.0,4903.2,4818.6,4894.8,78568,0.0,IF2112
2021-11-22,4904.6,4922.0,4892.2,4905.0,59151,0.0,IF2112
2021-11-23,4899.0,4928.0,4890.2,4907.6,50616,0.0,IF2112
2021-11-24,4912.4,4943.6,4894.2,4916.6,63312,0.0,IF2112
2021-11-25,4916.4,4921.0,4886.6,4896.8,50800,0.0,IF2112
2021-11-26,4881.6,4886.8,4845.0,4856.0,54972,0.0,IF2112
2021-11-29,4827.6,4863.8,4822.0,4853.2,62351,0.0,IF2112
2021-11-30,4865.6,4872.2,4806.4,4833.2,64388,0.0,IF2112
2021-12-01,4842.2,4856.2,4828.8,4847.2,50076,0.0,IF2112
2021-12-02,4844.6,4873.2,4826.2,4858.6,57761,0.0,IF2112
2021-12-03,4858.8,4907.0,4849.8,4906.2,69216,0.0,IF2112
2021-12-06,4918.0,4942.0,4892.2,4895.2,63233,0.0,IF2112
2021-12-07,4932.2,4935.6,4901.0,4925.0,64193,0.0,IF2112
2021-12-08,4932.0,5008.6,4915.8,5005.8,76840,0.0,IF2112
2021-12-09,5010.0,5137.8,5004.2,5089.2,92892,0.0,IF2112
2021-12-10,5068.2,5084.6,5057.2,5073.0,63894,0.0,IF2112
2021-12-13,5120.0,5161.6,5080.2,5080.6,79346,0.0,IF2112
2021-12-14,5067.2,5089.8,5047.4,5059.4,56578,0.0,IF2112
2021-12-15,5048.2,5069.2,5005.6,5009.2,55513,0.0,IF2112
2021-12-16,5013.8,5035.8,4996.0,5035.2,46816,0.0,IF2112
2021-12-17,5025.0,5030.0,4961.4,4964.6,23047,0.0,IF2112
2021-12-20,4961.4,4997.2,4895.2,4904.0,73859,0.0,IF2203
2021-12-21,4907.6,4942.2,4898.0,4923.2,58558,0.0,IF2203
2021-12-22,4934.8,4948.4,4910.6,4921.4,48903,0.0,IF2203
2021-12-23,4934.0,4968.8,4916.0,4962.4,59854,0.0,IF2203
2021-12-24,4967.0,4975.8,4915.8,4937.6,54739,0.0,IF2203
2021-12-27,4938.0,4963.6,4912.2,4945.0,52840,0.0,IF2203
2021-12-28,4950.8,4993.8,4940.0,4974.6,62373,0.0,IF2203
2021-12-29,4979.8,4981.6,4900.2,4903.0,63531,0.0,IF2203
2021-12-30,4905.0,4964.0,4899.2,4944.2,60940,0.0,IF2203
2021-12-31,4960.0,4973.4,4931.4,4943.0,50670,0.0,IF2203
2022-01-04,4960.0,4966.0,4872.2,4925.6,65395,0.0,IF2203
2022-01-05,4919.6,4928.8,4855.2,4877.0,73461,0.0,IF2203
2022-01-06,4860.2,4867.6,4787.2,4818.2,67481,0.0,IF2203
2022-01-07,4833.6,4863.4,4825.4,4829.6,58567,0.0,IF2203
2022-01-10,4822.0,4857.6,4790.2,4845.6,55271,0.0,IF2203
2022-01-11,4841.6,4858.6,4795.6,4800.8,60829,0.0,IF2203
2022-01-12,4822.0,4869.6,4819.0,4852.6,58829,0.0,IF2203
2022-01-13,4863.0,4868.4,4767.0,4767.2,66308,0.0,IF2203
2022-01-14,4753.2,4772.4,4720.6,4723.6,58708,0.0,IF2203
2022-01-17,4732.0,4784.0,4730.2,4763.6,53583,0.0,IF2203
2022-01-18,4760.0,4831.0,4745.2,4812.2,58610,0.0,IF2203
2022-01-19,4818.2,4839.4,4761.6,4788.4,55463,0.0,IF2203
2022-01-20,4784.4,4854.8,4784.4,4825.0,45581,0.0,IF2203
2022-01-21,4815.0,4824.0,4761.6,4775.6,19323,0.0,IF2203
2022-01-24,4785.0,4817.8,4763.6,4803.4,58320,0.0,IF2203
2022-01-25,4780.4,4794.0,4686.4,4690.8,64532,0.0,IF2203
2022-01-26,4716.4,4727.6,4664.4,4718.4,60134,0.0,IF2203
2022-01-27,4707.4,4709.8,4621.0,4637.8,67742,0.0,IF2203
2022-01-28,4666.8,4669.0,4524.0,4540.6,75527,0.0,IF2203
2022-02-07,4616.8,4668.2,4608.0,4627.2,56834,0.0,IF2203
2022-02-08,4615.6,4626.6,4518.0,4607.2,65302,0.0,IF2203
2022-02-09,4615.6,4659.0,4594.0,4648.4,57333,0.0,IF2203
2022-02-10,4656.0,4659.2,4611.2,4636.2,50993,0.0,IF2203
2022-02-11,4619.6,4667.6,4595.2,4595.2,64200,0.0,IF2203
2022-02-14,4581.0,4599.6,4530.6,4552.6,56775,0.0,IF2203
2022-02-15,4555.4,4599.4,4549.6,4591.2,51003,0.0,IF2203
2022-02-16,4619.0,4638.6,4602.0,4612.4,40895,0.0,IF2203
2022-02-17,4611.0,4652.6,4602.8,4623.8,33686,0.0,IF2203
2022-02-18,4600.0,4651.0,4597.2,4648.8,61863,0.0,IF2203
2022-02-21,4641.4,4645.0,4605.0,4627.4,62344,0.0,IF2203
2022-02-22,4594.2,4595.0,4540.6,4569.4,74109,0.0,IF2203
2022-02-23,4579.0,4622.0,4572.0,4617.2,59859,0.0,IF2203
2022-02-24,4590.0,4599.6,4492.4,4534.0,91859,0.0,IF2203
2022-02-25,4569.0,4623.0,4560.6,4572.0,79599,0.0,IF2203
2022-02-28,4566.0,4580.6,4528.0,4574.4,65865,0.0,IF2203
2022-03-01,4600.0,4621.0,4576.8,4608.6,66397,0.0,IF2203
2022-03-02,4586.6,4590.2,4552.0,4575.0,61056,0.0,IF2203
2022-03-03,4599.4,4604.6,4535.8,4546.8,60809,0.0,IF2203
2022-03-04,4501.6,4537.0,4482.2,4499.4,72018,0.0,IF2203
2022-03-07,4450.4,4455.6,4324.2,4339.4,81868,0.0,IF2203
2022-03-08,4364.4,4375.0,4222.4,4237.0,105026,0.0,IF2203
2022-03-09,4266.2,4293.8,4025.0,4202.0,123571,0.0,IF2203
2022-03-10,4275.8,4315.0,4260.4,4266.4,83652,0.0,IF2203
2022-03-11,4209.0,4317.4,4149.0,4311.0,108112,0.0,IF2203
2022-03-14,4248.0,4270.6,4161.0,4162.4,95216,0.0,IF2203
2022-03-15,4110.0,4162.8,3935.4,3941.4,128984,0.0,IF2203
2022-03-16,4039.6,4174.6,3939.6,4152.2,121382,0.0,IF2203
2022-03-17,4239.6,4302.0,4208.8,4234.0,68064,0.0,IF2203
2022-03-18,4190.0,4257.8,4169.2,4232.6,95084,0.0,IF2203
2022-03-21,4236.2,4247.2,4174.0,4215.0,83968,0.0,IF2206
2022-03-22,4217.0,4260.2,4197.8,4213.2,78783,0.0,IF2206
2022-03-23,4235.0,4263.0,4206.8,4240.4,84975,0.0,IF2206
2022-03-24,4215.0,4249.6,4185.6,4218.8,82607,0.0,IF2206
2022-03-25,4220.0,4237.6,4137.0,4137.0,87845,0.0,IF2206
2022-03-28,4100.0,4155.0,4055.0,4128.2,94420,0.0,IF2206
2022-03-29,4140.0,4165.0,4103.2,4113.2,71009,0.0,IF2206
2022-03-30,4149.0,4256.0,4145.8,4254.2,103025,0.0,IF2206
2022-03-31,4234.8,4248.2,4211.0,4218.8,65855,0.0,IF2206
2022-04-01,4190.2,4292.0,4185.0,4268.0,84252,0.0,IF2206
2022-04-06,4242.0,4265.0,4220.4,4242.0,70389,0.0,IF2206
2022-04-07,4220.0,4260.0,4188.0,4195.2,83696,0.0,IF2206
2022-04-08,4203.2,4235.0,4172.2,4233.8,82187,0.0,IF2206
2022-04-11,4192.2,4199.2,4087.2,4100.0,96357,0.0,IF2206
2022-04-12,4108.8,4185.0,4081.8,4176.0,99501,0.0,IF2206
2022-04-13,4151.4,4195.0,4142.0,4147.8,73095,0.0,IF2206
2022-04-14,4180.0,4218.6,4159.2,4186.2,60196,0.0,IF2206
2022-04-15,4160.0,4206.6,4153.8,4194.4,24106,0.0,IF2206
2022-04-18,4138.2,4164.8,4114.0,4158.2,77885,0.0,IF2206
2022-04-19,4165.0,4188.0,4105.2,4134.8,75170,0.0,IF2206
2022-04-20,4130.0,4139.0,4054.0,4054.6,84223,0.0,IF2206
2022-04-21,4053.4,4081.4,3974.2,3998.8,99486,0.0,IF2206
2022-04-22,3970.0,4043.6,3953.0,4011.8,86195,0.0,IF2206
2022-04-25,3933.4,3964.4,3800.0,3809.8,113887,0.0,IF2206
2022-04-26,3832.0,3881.0,3771.4,3782.0,114509,0.0,IF2206
2022-04-27,3775.0,3886.0,3772.0,3885.8,113514,0.0,IF2206
2022-04-28,3872.6,3927.8,3864.4,3916.0,97238,0.0,IF2206
2022-04-29,3936.0,4021.6,3887.2,4019.4,103063,0.0,IF2206
2022-05-05,4018.0,4028.8,3989.2,3995.0,69449,0.0,IF2206
2022-05-06,3930.0,3942.0,3876.8,3880.2,81098,0.0,IF2206
2022-05-09,3864.4,3894.8,3827.6,3853.2,65990,0.0,IF2206
2022-05-10,3813.2,3932.2,3785.0,3914.0,95700,0.0,IF2206
2022-05-11,3916.8,4021.6,3911.2,3955.4,86945,0.0,IF2206
2022-05-12,3944.8,3976.4,3923.0,3943.2,71782,0.0,IF2206
2022-05-13,3980.0,3997.4,3945.0,3975.2,70820,0.0,IF2206
2022-05-16,4008.2,4013.6,3926.0,3932.2,70493,0.0,IF2206
2022-05-17,3953.0,3998.6,3941.0,3994.4,65865,0.0,IF2206
2022-05-18,3998.0,4016.8,3949.0,3982.4,61836,0.0,IF2206
2022-05-19,3935.0,3998.2,3935.0,3997.0,45019,0.0,IF2206
2022-05-20,3999.0,4065.0,3996.2,4063.0,107613,0.0,IF2206
2022-05-23,4063.0,4063.0,3996.4,4015.0,83824,0.0,IF2206
2022-05-24,4018.0,4021.8,3936.0,3938.6,86225,0.0,IF2206
2022-05-25,3949.0,3963.6,3930.2,3958.0,71125,0.0,IF2206
2022-05-26,3957.0,4001.0,3903.2,3969.6,103945,0.0,IF2206
2022-05-27,4003.0,4040.2,3966.0,3983.2,93567,0.0,IF2206
2022-05-30,4003.4,4028.0,3986.8,4001.8,75199,0.0,IF2206
2022-05-31,4003.0,4084.8,3996.0,4069.2,94817,0.0,IF2206
2022-06-01,4066.0,4075.6,4036.8,4059.2,69701,0.0,IF2206
2022-06-02,4041.0,4077.0,4033.4,4070.6,70772,0.0,IF2206
2022-06-06,4068.6,4147.4,4036.2,4144.4,95173,0.0,IF2206
2022-06-07,4131.0,4181.0,4125.0,4152.4,73806,0.0,IF2206
2022-06-08,4167.6,4209.4,4143.0,4202.6,91862,0.0,IF2206
2022-06-09,4192.6,4215.6,4152.0,4168.0,85307,0.0,IF2206
2022-06-10,4144.0,4247.4,4141.2,4234.0,93934,0.0,IF2206
2022-06-13,4195.0,4207.8,4151.4,4183.2,93993,0.0,IF2206
2022-06-14,4151.4,4230.2,4098.2,4229.2,101429,0.0,IF2206
2022-06-15,4239.4,4357.0,4231.6,4277.4,105095,0.0,IF2206
2022-06-16,4292.0,4308.0,4241.2,4248.8,63799,0.0,IF2206
2022-06-17,4235.6,4303.2,4226.0,4299.2,30801,0.0,IF2206
2022-06-20,4296.8,4340.6,4254.8,4282.6,91811,0.0,IF2209
2022-06-21,4281.8,4331.2,4253.8,4286.4,90396,0.0,IF2209
2022-06-22,4289.2,4294.0,4226.6,4231.0,88002,0.0,IF2209
2022-06-23,4249.0,4318.8,4237.4,4315.8,89494,0.0,IF2209
2022-06-24,4328.0,4378.0,4315.2,4366.2,87182,0.0,IF2209
2022-06-27,4388.0,4453.8,4388.0,4410.6,85271,0.0,IF2209
2022-06-28,4404.4,4479.6,4383.6,4465.4,80532,0.0,IF2209
2022-06-29,4451.6,4480.6,4399.6,4413.4,89438,0.0,IF2209
2022-06-30,4415.0,4501.0,4415.0,4461.8,90263,0.0,IF2209
2022-07-01,4464.0,4477.0,4422.0,4445.2,77552,0.0,IF2209
2022-07-04,4425.0,4472.2,4398.2,4472.2,75307,0.0,IF2209
2022-07-05,4492.4,4519.6,4408.0,4459.4,95121,0.0,IF2209
2022-07-06,4449.0,4460.6,4374.0,4400.4,88373,0.0,IF2209
2022-07-07,4400.0,4439.4,4371.8,4416.6,71964,0.0,IF2209
2022-07-08,4445.0,4464.0,4405.8,4409.6,74550,0.0,IF2209
2022-07-11,4387.6,4387.6,4318.0,4337.0,78168,0.0,IF2209
2022-07-12,4342.0,4357.8,4287.4,4300.8,76927,0.0,IF2209
2022-07-13,4313.6,4329.2,4278.6,4306.6,66458,0.0,IF2209
2022-07-14,4293.4,4341.0,4285.2,4310.0,55040,0.0,IF2209
2022-07-15,4305.0,4349.2,4284.4,4286.0,29559,0.0,IF2209
2022-07-18,4228.8,4290.6,4197.0,4273.0,79675,0.0,IF2209
2022-07-19,4270.0,4271.2,4215.4,4254.2,72558,0.0,IF2209
2022-07-20,4280.6,4294.8,4251.4,4262.8,57427,0.0,IF2209
2022-07-21,4250.0,4272.2,4214.2,4216.6,61801,0.0,IF2209
2022-07-22,4232.2,4271.8,4190.2,4224.2,79805,0.0,IF2209
2022-07-25,4222.2,4222.2,4187.6,4206.6,58398,0.0,IF2209
2022-07-26,4223.6,4260.0,4210.2,4235.8,64657,0.0,IF2209
2022-07-27,4228.2,4235.0,4205.2,4213.0,57341,0.0,IF2209
2022-07-28,4235.0,4270.0,4209.6,4214.8,72590,0.0,IF2209
2022-07-29,4221.0,4246.0,4144.8,4152.4,82917,0.0,IF2209
2022-08-01,4147.0,4187.0,4116.2,4174.0,66172,0.0,IF2209
2022-08-02,4120.4,4135.8,4063.2,4109.4,81790,0.0,IF2209
2022-08-03,4128.0,4151.8,4048.8,4059.8,73227,0.0,IF2209
2022-08-04,4088.0,4102.8,4062.4,4091.0,62365,0.0,IF2209
2022-08-05,4108.0,4164.2,4090.0,4156.8,67635,0.0,IF2209
2022-08-08,4142.0,4159.6,4130.2,4142.6,47776,0.0,IF2209
2022-08-09,4138.0,4159.8,4125.0,4149.2,46452,0.0,IF2209
2022-08-10,4141.8,4154.2,4083.4,4101.4,52353,0.0,IF2209
2022-08-11,4130.0,4199.8,4113.8,4196.0,66408,0.0,IF2209
2022-08-12,4186.0,4207.2,4176.0,4195.6,46162,0.0,IF2209
2022-08-15,4175.2,4226.8,4175.2,4182.8,52122,0.0,IF2209
2022-08-16,4192.6,4214.2,4166.2,4173.0,46496,0.0,IF2209
2022-08-17,4183.0,4229.2,4150.0,4214.2,53700,0.0,IF2209
2022-08-18,4201.0,4214.0,4170.2,4179.0,36548,0.0,IF2209
2022-08-19,4171.6,4184.8,4138.2,4142.0,67559,0.0,IF2209
2022-08-22,4132.4,4184.8,4127.2,4168.2,68608,0.0,IF2209
2022-08-23,4173.8,4187.8,4133.8,4154.6,65957,0.0,IF2209
2022-08-24,4163.0,4173.8,4066.2,4080.2,77943,0.0,IF2209
2022-08-25,4093.8,4122.2,4058.4,4115.0,75653,0.0,IF2209
2022-08-26,4123.8,4136.0,4100.0,4107.4,58631,0.0,IF2209
2022-08-29,4070.2,4098.2,4060.4,4084.0,62059,0.0,IF2209
2022-08-30,4085.0,4092.0,4036.0,4076.6,68136,0.0,IF2209
2022-08-31,4066.0,4123.2,4050.2,4081.4,87472,0.0,IF2209
2022-09-01,4069.4,4093.8,4034.0,4043.6,64657,0.0,IF2209
2022-09-02,4051.2,4056.8,3998.8,4020.2,63940,0.0,IF2209
2022-09-05,4006.0,4018.8,3975.0,4017.6,61074,0.0,IF2209
2022-09-06,4023.8,4052.0,4009.0,4046.8,63393,0.0,IF2209
2022-09-07,4032.0,4068.6,4029.4,4055.8,51796,0.0,IF2209
2022-09-08,4065.0,4070.0,4036.6,4038.8,49176,0.0,IF2209
2022-09-09,4048.6,4106.8,4045.4,4098.2,66685,0.0,IF2209
2022-09-13,4102.0,4134.4,4101.8,4109.2,58759,0.0,IF2209
2022-09-14,4072.2,4096.0,4054.0,4068.8,58786,0.0,IF2209
2022-09-15,4075.0,4086.6,4005.8,4029.8,52957,0.0,IF2209
2022-09-16,4015.0,4029.0,3953.0,3956.0,25347,0.0,IF2209
2022-09-19,3931.0,3953.8,3912.2,3929.0,57041,0.0,IF2212
2022-09-20,3949.0,3962.2,3918.6,3928.6,48153,0.0,IF2212
2022-09-21,3921.2,3928.0,3880.4,3896.6,61356,0.0,IF2212
2022-09-22,3879.2,3902.0,3854.4,3870.0,55703,0.0,IF2212
2022-09-23,3866.0,3895.0,3828.4,3864.4,77120,0.0,IF2212
2022-09-26,3840.8,3902.8,3834.2,3841.4,71042,0.0,IF2212
2022-09-27,3852.6,3900.8,3833.6,3890.2,62815,0.0,IF2212
2022-09-28,3880.0,3880.2,3832.2,3836.6,61760,0.0,IF2212
2022-09-29,3868.2,3883.4,3813.4,3837.6,64364,0.0,IF2212
2022-09-30,3849.2,3860.8,3804.0,3808.4,64036,0.0,IF2212
2022-10-10,3812.0,3816.8,3714.0,3728.2,62662,0.0,IF2212
2022-10-11,3736.0,3745.8,3712.6,3726.8,54148,0.0,IF2212
2022-10-12,3724.6,3786.6,3656.0,3784.6,80735,0.0,IF2212
2022-10-13,3761.0,3788.2,3745.8,3754.8,63905,0.0,IF2212
2022-10-14,3785.4,3865.0,3785.0,3841.4,68747,0.0,IF2212
2022-10-17,3830.0,3846.8,3808.0,3837.4,52794,0.0,IF2212
2022-10-18,3862.0,3869.8,3823.6,3835.4,54543,0.0,IF2212
2022-10-19,3825.8,3843.0,3771.2,3775.2,50144,0.0,IF2212
2022-10-20,3754.2,3812.4,3729.0,3761.0,43476,0.0,IF2212
2022-10-21,3756.6,3770.0,3716.4,3734.4,58095,0.0,IF2212
2022-10-24,3721.2,3772.6,3605.0,3631.0,89848,0.0,IF2212
2022-10-25,3632.0,3684.8,3599.2,3626.6,84952,0.0,IF2212
2022-10-26,3632.0,3712.2,3632.0,3656.4,79594,0.0,IF2212
2022-10-27,3678.0,3697.0,3631.0,3633.0,73222,0.0,IF2212
2022-10-28,3624.2,3627.6,3535.6,3544.6,81563,0.0,IF2212
2022-10-31,3513.0,3561.6,3492.2,3505.4,82504,0.0,IF2212
2022-11-01,3530.2,3649.4,3523.6,3648.4,95812,0.0,IF2212
2022-11-02,3634.4,3713.0,3625.2,3680.2,81700,0.0,IF2212
2022-11-03,3661.0,3676.2,3633.0,3651.4,64953,0.0,IF2212
2022-11-04,3652.6,3798.6,3652.6,3781.2,84098,0.0,IF2212
2022-11-07,3762.8,3802.8,3757.2,3781.8,66054,0.0,IF2212
2022-11-08,3783.6,3789.6,3734.2,3756.6,58752,0.0,IF2212
2022-11-09,3761.2,3772.2,3712.0,3712.2,59046,0.0,IF2212
2022-11-10,3696.6,3712.8,3671.6,3694.0,63498,0.0,IF2212
2022-11-11,3798.4,3845.8,3755.8,3793.2,91073,0.0,IF2212
2022-11-14,3838.8,3862.2,3785.2,3794.0,70235,0.0,IF2212
2022-11-15,3789.0,3879.8,3779.8,3868.0,68192,0.0,IF2212
2022-11-16,3856.0,3881.8,3834.0,3838.8,50339,0.0,IF2212
2022-11-17,3828.0,3828.4,3776.8,3817.2,40983,0.0,IF2212
2022-11-18,3833.0,3850.0,3805.0,3812.0,83229,0.0,IF2212
2022-11-21,3775.2,3781.8,3734.2,3779.2,76464,0.0,IF2212
2022-11-22,3781.2,3819.8,3751.8,3775.8,84648,0.0,IF2212
2022-11-23,3766.4,3805.0,3760.4,3780.8,79987,0.0,IF2212
2022-11-24,3801.8,3818.0,3756.0,3761.0,70279,0.0,IF2212
2022-11-25,3760.4,3802.6,3751.0,3782.2,77374,0.0,IF2212
2022-11-28,3701.0,3747.4,3672.6,3737.0,90494,0.0,IF2212
2022-11-29,3770.0,3866.6,3770.0,3858.6,96666,0.0,IF2212
2022-11-30,3850.0,3876.0,3845.2,3860.4,66145,0.0,IF2212
2022-12-01,3935.0,3965.0,3904.0,3905.0,78292,0.0,IF2212
2022-12-02,3900.0,3915.6,3882.4,3883.6,63905,0.0,IF2212
2022-12-05,3927.8,3954.0,3906.0,3948.0,80125,0.0,IF2212
2022-12-06,3935.0,3996.4,3933.2,3969.8,80441,0.0,IF2212
2022-12-07,3964.4,4012.6,3944.0,3958.2,84827,0.0,IF2212
2022-12-08,3960.0,3979.8,3947.0,3970.6,65455,0.0,IF2212
2022-12-09,3971.6,4015.4,3952.2,4005.0,81252,0.0,IF2212
2022-12-12,3985.0,3989.8,3958.2,3963.2,69509,0.0,IF2212
2022-12-13,3963.2,3974.6,3946.2,3950.6,60034,0.0,IF2212
2022-12-14,3950.8,3979.0,3940.6,3960.8,67134,0.0,IF2212
2022-12-15,3965.0,3970.4,3930.6,3953.4,53638,0.0,IF2212
2022-12-16,3930.0,3959.6,3930.0,3939.0,29425,0.0,IF2212
2022-12-19,3971.0,3989.8,3895.4,3910.8,74370,0.0,IF2303
2022-12-20,3900.0,3903.2,3827.4,3852.0,69751,0.0,IF2303
2022-12-21,3859.6,3866.0,3835.0,3846.0,51235,0.0,IF2303
2022-12-22,3870.0,3897.8,3835.0,3855.0,64856,0.0,IF2303
2022-12-23,3835.0,3871.0,3826.2,3846.0,61037,0.0,IF2303
2022-12-26,3850.0,3878.6,3847.8,3853.0,46893,0.0,IF2303
2022-12-27,3882.0,3907.2,3874.0,3900.0,51821,0.0,IF2303
2022-12-28,3889.2,3897.4,3868.4,3885.0,48467,0.0,IF2303
2022-12-29,3868.0,3881.0,3845.0,3868.2,50936,0.0,IF2303
2022-12-30,3885.0,3898.8,3877.8,3879.4,44711,0.0,IF2303
2023-01-03,3861.0,3909.6,3834.4,3894.2,67115,0.0,IF2303
2023-01-04,3897.4,3911.0,3876.6,3898.0,52123,0.0,IF2303
2023-01-05,3923.8,3982.6,3918.0,3974.4,65791,0.0,IF2303
2023-01-06,3975.2,4008.0,3972.0,3990.8,55649,0.0,IF2303
2023-01-09,4008.0,4032.0,3996.8,4011.6,56555,0.0,IF2303
2023-01-10,4014.0,4037.8,4003.4,4018.0,48658,0.0,IF2303
2023-01-11,4022.0,4048.2,4012.4,4017.2,50080,0.0,IF2303
2023-01-12,4029.6,4038.6,4010.8,4024.6,45904,0.0,IF2303
2023-01-13,4037.0,4091.8,4033.8,4090.8,56670,0.0,IF2303
2023-01-16,4090.6,4196.0,4089.8,4149.6,76171,0.0,IF2303
2023-01-17,4151.0,4160.8,4131.4,4147.0,45135,0.0,IF2303
2023-01-18,4153.0,4161.4,4130.0,4133.4,41644,0.0,IF2303
2023-01-19,4121.4,4162.2,4105.0,4158.0,36370,0.0,IF2303
2023-01-20,4169.0,4187.8,4158.8,4180.4,17201,0.0,IF2303
2023-01-30,4280.0,4282.8,4204.4,4208.0,55785,0.0,IF2303
2023-01-31,4215.0,4229.0,4166.0,4169.6,51977,0.0,IF2303
2023-02-01,4180.0,4200.4,4144.2,4198.0,61669,0.0,IF2303
2023-02-02,4210.0,4211.6,4171.0,4185.6,57283,0.0,IF2303
2023-02-03,4165.4,4166.0,4106.2,4143.8,64614,0.0,IF2303
2023-02-06,4110.0,4111.0,4062.6,4086.6,59182,0.0,IF2303
2023-02-07,4100.0,4107.4,4074.2,4096.2,50081,0.0,IF2303
2023-02-08,4103.0,4117.0,4071.0,4076.4,45696,0.0,IF2303
2023-02-09,4068.0,4140.0,4068.0,4133.8,58534,0.0,IF2303
2023-02-10,4125.6,4126.8,4089.6,4107.6,46236,0.0,IF2303
2023-02-13,4093.8,4145.4,4085.8,4139.0,51082,0.0,IF2303
2023-02-14,4147.0,4152.0,4122.6,4150.0,40609,0.0,IF2303
2023-02-15,4152.6,4160.4,4112.2,4120.4,39710,0.0,IF2303
2023-02-16,4130.0,4175.2,4067.6,4090.0,39699,0.0,IF2303
2023-02-17,4099.0,4114.0,4032.4,4034.6,80888,0.0,IF2303
2023-02-20,4049.0,4148.6,4036.6,4146.8,87814,0.0,IF2303
2023-02-21,4140.0,4162.4,4124.8,4149.4,66790,0.0,IF2303
2023-02-22,4131.0,4146.2,4102.4,4109.8,65244,0.0,IF2303
2023-02-23,4116.0,4136.0,4089.0,4108.2,69947,0.0,IF2303
2023-02-24,4103.0,4107.6,4046.0,4067.6,71007,0.0,IF2303
2023-02-27,4050.0,4071.8,4035.4,4051.4,61240,0.0,IF2303
2023-02-28,4068.0,4086.2,4026.0,4079.2,69154,0.0,IF2303
2023-03-01,4073.0,4148.0,4068.4,4133.2,85366,0.0,IF2303
2023-03-02,4124.0,4145.0,4121.0,4126.6,51643,0.0,IF2303
2023-03-03,4144.2,4147.8,4105.2,4134.4,58882,0.0,IF2303
2023-03-06,4132.2,4135.0,4086.4,4103.0,67917,0.0,IF2303
2023-03-07,4097.4,4125.2,4044.6,4047.2,82731,0.0,IF2303
2023-03-08,4030.0,4042.8,4015.0,4034.8,57287,0.0,IF2303
2023-03-09,4037.0,4043.6,3998.6,4023.0,64588,0.0,IF2303
2023-03-10,3996.8,4011.0,3962.2,3965.6,74361,0.0,IF2303
2023-03-13,3973.6,4014.6,3973.0,4010.0,70723,0.0,IF2303
2023-03-14,3998.0,4004.6,3950.6,3988.8,74234,0.0,IF2303
2023-03-15,4017.2,4024.2,3983.2,3986.4,59629,0.0,IF2303
2023-03-16,3956.0,3987.6,3935.6,3941.0,48932,0.0,IF2303
2023-03-17,3963.4,4008.8,3958.6,3974.6,26726,0.0,IF2303
2023-03-20,3967.0,3989.0,3938.6,3945.6,60635,0.0,IF2306
2023-03-21,3958.0,3992.8,3954.4,3988.6,60019,0.0,IF2306
2023-03-22,4000.0,4022.4,3989.8,4003.2,57032,0.0,IF2306
2023-03-23,3993.0,4045.6,3991.6,4044.6,59961,0.0,IF2306
2023-03-24,4034.6,4047.8,4025.6,4040.6,49595,0.0,IF2306
2023-03-27,4033.0,4035.0,3997.8,4019.0,56951,0.0,IF2306
2023-03-28,4028.8,4032.4,4004.4,4009.4,49393,0.0,IF2306
2023-03-29,4030.2,4032.8,4003.0,4009.0,53718,0.0,IF2306
2023-03-30,4015.0,4054.2,3993.4,4052.8,73120,0.0,IF2306
2023-03-31,4060.0,4077.2,4052.2,4063.8,54614,0.0,IF2306
2023-04-03,4071.8,4104.4,4063.8,4091.2,58173,0.0,IF2306
2023-04-04,4092.2,4114.0,4082.0,4111.8,51624,0.0,IF2306
2023-04-06,4095.8,4105.8,4085.6,4098.0,42778,0.0,IF2306
2023-04-07,4103.8,4141.0,4097.4,4128.2,45932,0.0,IF2306
2023-04-10,4138.0,4141.0,4109.2,4112.4,47281,0.0,IF2306
2023-04-11,4116.6,4124.6,4088.8,4102.2,48196,0.0,IF2306
2023-04-12,4107.8,4109.4,4091.0,4097.2,40891,0.0,IF2306
2023-04-13,4083.2,4096.0,4065.4,4073.8,52447,0.0,IF2306
2023-04-14,4086.0,4105.0,4081.2,4095.0,48160,0.0,IF2306
2023-04-17,4093.4,4155.0,4090.6,4153.6,52990,0.0,IF2306
2023-04-18,4142.6,4173.0,4142.6,4161.4,43177,0.0,IF2306
2023-04-19,4160.0,4162.2,4123.4,4125.2,41605,0.0,IF2306
2023-04-20,4125.6,4130.2,4098.0,4105.2,34677,0.0,IF2306
2023-04-21,4112.0,4113.0,4053.4,4055.8,17916,0.0,IF2306
2023-04-24,4048.6,4048.6,3972.0,3991.0,59721,0.0,IF2306
2023-04-25,3993.0,3998.4,3935.4,3970.2,66121,0.0,IF2306
2023-04-26,3962.2,3981.0,3949.0,3964.6,53023,0.0,IF2306
2023-04-27,3957.4,4012.0,3951.0,3998.0,50319,0.0,IF2306
2023-04-28,3999.0,4038.4,3999.0,4031.6,45577,0.0,IF2306
2023-05-04,4017.4,4036.2,4005.4,4033.6,43551,0.0,IF2306
2023-05-05,4037.6,4047.0,3996.0,4017.8,48839,0.0,IF2306
2023-05-08,4030.0,4070.0,4020.4,4058.0,50538,0.0,IF2306
2023-05-09,4061.6,4092.0,4026.0,4026.8,62479,0.0,IF2306
2023-05-10,4029.0,4029.0,3990.4,3997.8,56398,0.0,IF2306
2023-05-11,4008.0,4018.0,3987.2,3990.2,38175,0.0,IF2306
2023-05-12,3990.0,4004.8,3935.4,3937.4,48740,0.0,IF2306
2023-05-15,3937.0,4004.6,3930.2,4001.0,55131,0.0,IF2306
2023-05-16,3999.6,4008.8,3970.2,3986.2,40893,0.0,IF2306
2023-05-17,3980.6,3991.0,3950.2,3960.2,37037,0.0,IF2306
2023-05-18,3966.0,3986.0,3934.6,3953.8,35267,0.0,IF2306
2023-05-19,3932.8,3962.6,3915.0,3937.8,65716,0.0,IF2306
2023-05-22,3937.8,3982.4,3925.0,3957.6,72744,0.0,IF2306
2023-05-23,3957.0,3968.0,3894.2,3896.2,66911,0.0,IF2306
2023-05-24,3887.2,3893.8,3843.6,3847.4,77188,0.0,IF2306
2023-05-25,3840.0,3849.6,3802.2,3833.0,75231,0.0,IF2306
2023-05-26,3830.0,3852.0,3800.2,3841.0,68105,0.0,IF2306
2023-05-29,3860.0,3863.0,3807.0,3825.0,59031,0.0,IF2306
2023-05-30,3822.0,3837.4,3775.6,3825.6,76974,0.0,IF2306
2023-05-31,3811.2,3816.6,3770.8,3790.6,65127,0.0,IF2306
2023-06-01,3786.0,3832.0,3783.2,3798.0,71060,0.0,IF2306
2023-06-02,3820.0,3863.0,3819.0,3850.4,63645,0.0,IF2306
2023-06-05,3850.4,3851.8,3821.0,3833.8,48216,0.0,IF2306
2023-06-06,3830.0,3864.8,3790.4,3794.0,73642,0.0,IF2306
2023-06-07,3806.8,3815.2,3768.8,3781.8,63556,0.0,IF2306
2023-06-08,3786.0,3831.0,3767.6,3811.0,67626,0.0,IF2306
2023-06-09,3819.6,3836.0,3808.4,3832.8,56763,0.0,IF2306
2023-06-12,3820.4,3858.0,3812.8,3833.6,64722,0.0,IF2306
2023-06-13,3829.0,3868.0,3828.0,3862.6,60923,0.0,IF2306
2023-06-14,3870.6,3889.2,3858.2,3860.6,60143,0.0,IF2306
2023-06-15,3873.0,3925.8,3868.4,3924.2,49804,0.0,IF2306
2023-06-16,3929.0,3959.8,3925.8,3958.0,24354,0.0,IF2306
2023-06-19,3927.0,3928.4,3895.8,3901.4,48141,0.0,IF2309
2023-06-20,3900.0,3913.0,3888.6,3893.0,45090,0.0,IF2309
2023-06-21,3878.0,3890.0,3833.0,3833.8,56262,0.0,IF2309
2023-06-26,3813.4,3818.0,3777.4,3792.8,61332,0.0,IF2309
2023-06-27,3798.2,3827.8,3783.4,3817.0,52693,0.0,IF2309
2023-06-28,3808.0,3824.4,3783.2,3822.0,53180,0.0,IF2309
2023-06-29,3828.0,3828.8,3792.4,3805.4,45506,0.0,IF2309
2023-06-30,3802.0,3848.6,3796.0,3827.4,49919,0.0,IF2309
2023-07-03,3839.0,3886.6,3837.0,3871.8,52469,0.0,IF2309
2023-07-04,3868.8,3883.2,3865.0,3880.8,33960,0.0,IF2309
2023-07-05,3876.0,3880.0,3844.4,3849.6,40793,0.0,IF2309
2023-07-06,3839.6,3864.4,3816.2,3821.0,50127,0.0,IF2309
2023-07-07,3812.2,3825.4,3799.0,3806.2,49987,0.0,IF2309
2023-07-10,3828.4,3851.6,3812.0,3825.4,46327,0.0,IF2309
2023-07-11,3839.6,3858.2,3828.8,3853.2,46727,0.0,IF2309
2023-07-12,3852.4,3862.8,3823.2,3832.2,47835,0.0,IF2309
2023-07-13,3850.8,3900.6,3848.2,3897.0,57888,0.0,IF2309
2023-07-14,3903.8,3907.0,3891.0,3894.8,36814,0.0,IF2309
2023-07-17,3876.2,3884.0,3845.0,3860.0,42822,0.0,IF2309
2023-07-18,3868.2,3869.8,3841.2,3855.8,41769,0.0,IF2309
2023-07-19,3844.0,3862.0,3832.4,3854.8,41830,0.0,IF2309
2023-07-20,3867.2,3881.6,3818.0,3824.8,39880,0.0,IF2309
2023-07-21,3824.2,3861.0,3816.8,3834.0,57189,0.0,IF2309
2023-07-24,3808.8,3838.4,3803.2,3812.0,44306,0.0,IF2309
2023-07-25,3877.0,3927.6,3876.0,3926.4,70645,0.0,IF2309
2023-07-26,3919.0,3923.8,3903.2,3915.2,41289,0.0,IF2309
2023-07-27,3925.0,3938.0,3895.8,3910.4,49250,0.0,IF2309
2023-07-28,3898.0,4018.0,3895.0,4009.2,75196,0.0,IF2309
2023-07-31,4048.0,4082.0,4016.4,4024.6,73686,0.0,IF2309
2023-08-01,4021.0,4046.4,3997.2,4008.6,54446,0.0,IF2309
2023-08-02,3999.6,4021.4,3966.8,3976.8,59550,0.0,IF2309
2023-08-03,3975.2,4011.8,3972.2,4009.4,56176,0.0,IF2309
2023-08-04,4043.6,4073.0,4016.2,4027.6,79386,0.0,IF2309
2023-08-07,4012.8,4018.0,3990.2,4005.6,48586,0.0,IF2309
2023-08-08,3991.0,4014.8,3974.6,3988.4,56269,0.0,IF2309
2023-08-09,3979.0,3996.0,3974.4,3983.0,41533,0.0,IF2309
2023-08-10,3978.2,3991.6,3945.2,3979.2,57188,0.0,IF2309
2023-08-11,3972.8,3985.0,3880.0,3882.2,73266,0.0,IF2309
2023-08-14,3842.2,3863.6,3816.0,3856.8,63678,0.0,IF2309
2023-08-15,3865.0,3868.2,3812.2,3851.4,59400,0.0,IF2309
2023-08-16,3830.0,3855.0,3820.2,3821.2,44696,0.0,IF2309
2023-08-17,3816.2,3853.8,3798.4,3846.6,73150,0.0,IF2309
2023-08-18,3846.8,3857.4,3788.0,3789.4,84847,0.0,IF2309
2023-08-21,3778.8,3794.8,3733.8,3734.8,89587,0.0,IF2309
2023-08-22,3753.0,3779.4,3711.4,3761.0,104215,0.0,IF2309
2023-08-23,3754.4,3761.2,3696.2,3705.0,84037,0.0,IF2309
2023-08-24,3722.8,3759.8,3712.0,3730.0,81974,0.0,IF2309
2023-08-25,3710.0,3749.0,3703.6,3720.6,87238,0.0,IF2309
2023-08-28,3922.0,3930.0,3743.8,3757.2,143618,0.0,IF2309
2023-08-29,3757.4,3829.0,3756.0,3796.4,111720,0.0,IF2309
2023-08-30,3810.0,3825.4,3788.0,3794.0,72711,0.0,IF2309
2023-08-31,3798.0,3805.0,3767.4,3776.8,64186,0.0,IF2309
2023-09-01,3794.8,3818.4,3785.0,3796.8,63667,0.0,IF2309
2023-09-04,3827.6,3865.0,3809.0,3857.0,84243,0.0,IF2309
2023-09-05,3844.8,3847.8,3817.2,3826.2,62230,0.0,IF2309
2023-09-06,3813.0,3828.6,3798.8,3817.2,59819,0.0,IF2309
2023-09-07,3807.2,3811.2,3758.8,3761.2,71201,0.0,IF2309
2023-09-08,3751.0,3761.6,3728.0,3739.4,59465,0.0,IF2309
2023-09-11,3745.8,3793.8,3735.4,3770.0,79720,0.0,IF2309
2023-09-12,3765.0,3779.2,3757.6,3766.6,58937,0.0,IF2309
2023-09-13,3766.4,3776.8,3719.0,3739.6,74921,0.0,IF2309
2023-09-14,3740.0,3750.0,3717.0,3737.6,60859,0.0,IF2309
2023-09-15,3741.0,3750.0,3704.8,3709.4,35758,0.0,IF2309
2023-09-18,3710.0,3756.4,3702.6,3743.8,71330,0.0,IF2312
2023-09-19,3737.0,3740.0,3713.6,3736.4,56605,0.0,IF2312
2023-09-20,3726.4,3736.0,3718.2,3720.2,46453,0.0,IF2312
2023-09-21,3710.2,3725.8,3682.0,3684.0,57469,0.0,IF2312
2023-09-22,3687.0,3763.6,3678.2,3763.2,75829,0.0,IF2312
2023-09-25,3753.0,3755.0,3723.2,3731.4,49477,0.0,IF2312
2023-09-26,3728.6,3738.8,3708.2,3712.6,44708,0.0,IF2312
2023-09-27,3714.6,3749.8,3709.2,3721.6,61811,0.0,IF2312
2023-09-28,3730.0,3733.6,3695.4,3701.0,47606,0.0,IF2312
2023-10-09,3693.4,3706.0,3646.2,3690.6,63550,0.0,IF2312
2023-10-10,3711.6,3717.6,3659.4,3663.2,52435,0.0,IF2312
2023-10-11,3683.0,3700.6,3664.0,3671.0,53866,0.0,IF2312
2023-10-12,3707.0,3723.2,3688.2,3710.0,62434,0.0,IF2312
2023-10-13,3684.0,3686.0,3661.8,3671.0,47539,0.0,IF2312
2023-10-16,3675.0,3677.4,3617.2,3628.8,53543,0.0,IF2312
2023-10-17,3633.8,3649.8,3622.8,3640.6,50404,0.0,IF2312
2023-10-18,3637.0,3639.0,3610.0,3613.2,53355,0.0,IF2312
2023-10-19,3588.2,3596.2,3531.8,3536.6,52221,0.0,IF2312
2023-10-20,3523.0,3540.8,3504.2,3521.6,71133,0.0,IF2312
2023-10-23,3508.0,3512.8,3448.8,3470.8,69148,0.0,IF2312
2023-10-24,3480.0,3502.8,3453.8,3485.2,76044,0.0,IF2312
2023-10-25,3528.0,3542.0,3503.4,3505.8,64489,0.0,IF2312
2023-10-26,3492.2,3525.8,3486.2,3519.2,61284,0.0,IF2312
2023-10-27,3509.2,3587.8,3502.4,3573.0,75265,0.0,IF2312
2023-10-30,3561.2,3600.6,3561.0,3588.2,60588,0.0,IF2312
2023-10-31,3582.0,3587.0,3558.2,3580.6,47162,0.0,IF2312
2023-11-01,3601.8,3603.6,3565.2,3577.0,50481,0.0,IF2312
2023-11-02,3588.4,3605.6,3558.6,3559.2,47567,0.0,IF2312
2023-11-03,3568.2,3606.8,3565.2,3588.0,58332,0.0,IF2312
2023-11-06,3613.8,3643.0,3610.4,3638.0,59219,0.0,IF2312
2023-11-07,3628.0,3638.0,3612.0,3626.0,46160,0.0,IF2312
2023-11-08,3615.0,3633.0,3593.6,3613.6,53347,0.0,IF2312
2023-11-09,3607.2,3632.0,3603.8,3618.0,49528,0.0,IF2312
2023-11-10,3600.2,3603.6,3577.4,3587.8,48298,0.0,IF2312
2023-11-13,3593.0,3601.6,3561.8,3585.6,46850,0.0,IF2312
2023-11-14,3591.8,3606.0,3571.0,3585.0,51745,0.0,IF2312
2023-11-15,3622.6,3627.8,3597.2,3610.0,47792,0.0,IF2312
2023-11-16,3606.0,3615.0,3576.0,3577.0,61866,0.0,IF2312
2023-11-17,3566.0,3578.8,3550.2,3571.0,68469,0.0,IF2312
2023-11-20,3574.8,3594.8,3543.4,3582.0,71129,0.0,IF2312
2023-11-21,3598.0,3626.8,3579.4,3589.0,85151,0.0,IF2312
2023-11-22,3577.2,3585.4,3548.6,3548.6,60643,0.0,IF2312
2023-11-23,3547.0,3573.0,3533.4,3571.6,67966,0.0,IF2312
2023-11-24,3562.0,3564.4,3534.4,3542.4,60673,0.0,IF2312
2023-11-27,3539.0,3541.0,3492.6,3517.2,64045,0.0,IF2312
2023-11-28,3511.4,3527.6,3501.4,3523.2,53961,0.0,IF2312
2023-11-29,3529.0,3529.0,3483.0,3497.4,57861,0.0,IF2312
2023-11-30,3496.0,3512.0,3486.2,3502.6,57055,0.0,IF2312
2023-12-01,3497.0,3500.0,3455.6,3484.0,73411,0.0,IF2312
2023-12-04,3485.0,3492.8,3457.4,3458.4,59580,0.0,IF2312
2023-12-05,3450.6,3451.0,3376.0,3380.0,84660,0.0,IF2312
2023-12-06,3379.0,3418.6,3370.8,3391.4,75215,0.0,IF2312
2023-12-07,3380.8,3402.8,3361.0,3387.6,70741,0.0,IF2312
2023-12-08,3389.4,3408.8,3382.2,3395.6,61423,0.0,IF2312
2023-12-11,3373.0,3433.6,3341.4,3418.6,85442,0.0,IF2312
2023-12-12,3412.8,3430.0,3407.4,3427.0,65865,0.0,IF2312
2023-12-13,3415.2,3417.6,3365.2,3368.0,62450,0.0,IF2312
2023-12-14,3388.8,3402.0,3349.4,3352.4,55420,0.0,IF2312
2023-12-15,3375.2,3393.0,3342.4,3346.2,34611,0.0,IF2312
2023-12-18,3328.0,3353.2,3303.4,3335.0,63506,0.0,IF2403
2023-12-19,3331.8,3355.0,3317.0,3341.8,58600,0.0,IF2403
2023-12-20,3347.0,3351.6,3305.2,3309.6,59144,0.0,IF2403
2023-12-21,3296.0,3358.0,3291.4,3342.4,84081,0.0,IF2403
2023-12-22,3340.0,3374.6,3323.0,3348.0,82261,0.0,IF2403
2023-12-25,3346.4,3366.0,3343.4,3356.2,45108,0.0,IF2403
2023-12-26,3357.4,3358.0,3322.6,3333.4,51248,0.0,IF2403
2023-12-27,3342.0,3351.8,3317.2,3342.2,59283,0.0,IF2403
2023-12-28,3339.0,3441.4,3338.0,3432.2,88013,0.0,IF2403
2023-12-29,3430.0,3449.4,3423.2,3439.4,63813,0.0,IF2403
2024-01-02,3439.4,3442.0,3388.0,3388.2,53653,0.0,IF2403
2024-01-03,3385.0,3398.8,3367.2,3383.0,50495,0.0,IF2403
2024-01-04,3381.6,3381.6,3324.0,3350.2,61815,0.0,IF2403
2024-01-05,3340.2,3377.6,3314.4,3334.2,71188,0.0,IF2403
2024-01-08,3329.0,3342.0,3276.6,3279.6,74184,0.0,IF2403
2024-01-09,3285.0,3309.0,3272.6,3292.4,69450,0.0,IF2403
2024-01-10,3280.0,3319.2,3265.6,3278.2,67521,0.0,IF2403
2024-01-11,3277.6,3320.0,3271.2,3297.6,68319,0.0,IF2403
2024-01-12,3281.6,3315.8,3281.0,3286.4,56689,0.0,IF2403
2024-01-15,3270.0,3313.6,3261.4,3280.2,60013,0.0,IF2403
2024-01-16,3272.0,3303.0,3250.0,3301.4,80097,0.0,IF2403
2024-01-17,3288.0,3291.8,3210.4,3222.4,70728,0.0,IF2403
2024-01-18,3213.8,3262.2,3162.0,3249.2,63787,0.0,IF2403
2024-01-19,3224.0,3258.8,3224.0,3242.0,78547,0.0,IF2403
2024-01-22,3239.0,3259.0,3133.0,3179.0,90087,0.0,IF2403
2024-01-23,3178.2,3240.4,3159.0,3212.2,84020,0.0,IF2403
2024-01-24,3240.0,3269.2,3173.0,3264.0,89508,0.0,IF2403
2024-01-25,3259.0,3342.4,3252.4,3334.2,81000,0.0,IF2403
2024-01-26,3323.0,3348.8,3313.0,3327.6,70551,0.0,IF2403
2024-01-29,3332.0,3349.2,3292.2,3294.0,64406,0.0,IF2403
2024-01-30,3281.4,3294.6,3237.0,3237.4,68690,0.0,IF2403
2024-01-31,3227.0,3250.6,3193.2,3212.0,77497,0.0,IF2403
2024-02-01,3200.2,3250.0,3187.0,3213.6,72482,0.0,IF2403
2024-02-02,3227.8,3234.8,3090.0,3165.4,88240,0.0,IF2403
2024-02-05,3147.4,3218.0,3091.2,3171.2,91838,0.0,IF2403
2024-02-06,3171.2,3308.8,3162.8,3303.0,75996,0.0,IF2403
2024-02-07,3279.0,3327.0,3271.0,3316.6,81202,0.0,IF2403
2024-02-08,3334.0,3363.0,3329.8,3353.6,84960,0.0,IF2403
2024-02-19,3385.0,3388.0,3354.2,3373.0,72044,0.0,IF2403
2024-02-20,3373.0,3397.0,3361.0,3387.0,62140,0.0,IF2403
2024-02-21,3374.2,3504.8,3371.4,3455.0,106916,0.0,IF2403
2024-02-22,3451.2,3487.4,3450.0,3484.0,66933,0.0,IF2403
2024-02-23,3488.8,3505.0,3471.0,3487.0,66409,0.0,IF2403
2024-02-26,3481.6,3489.0,3441.6,3445.4,68412,0.0,IF2403
2024-02-27,3441.8,3497.6,3436.4,3497.4,67716,0.0,IF2403
2024-02-28,3500.0,3525.2,3454.0,3456.8,87304,0.0,IF2403
2024-02-29,3460.0,3520.0,3455.0,3515.4,83099,0.0,IF2403
2024-03-01,3505.2,3550.8,3504.0,3540.0,68260,0.0,IF2403
2024-03-04,3538.0,3548.0,3519.4,3531.0,55958,0.0,IF2403
2024-03-05,3517.0,3558.8,3510.0,3545.6,69808,0.0,IF2403
2024-03-06,3542.6,3578.6,3535.8,3545.2,63011,0.0,IF2403
2024-03-07,3545.6,3569.6,3521.0,3526.0,59832,0.0,IF2403
2024-03-08,3536.0,3548.8,3510.0,3541.0,59608,0.0,IF2403
2024-03-11,3540.0,3591.8,3537.2,3590.2,65942,0.0,IF2403
2024-03-12,3594.2,3611.8,3580.0,3598.4,64793,0.0,IF2403
2024-03-13,3594.0,3599.6,3567.6,3577.8,53156,0.0,IF2403
2024-03-14,3582.0,3602.4,3550.0,3566.0,46618,0.0,IF2403
2024-03-15,3560.2,3569.2,3536.0,3554.6,25257,0.0,IF2403
2024-03-18,3578.0,3608.0,3574.0,3607.8,53804,0.0,IF2406
2024-03-19,3597.6,3615.0,3578.2,3582.4,49195,0.0,IF2406
2024-03-20,3580.0,3596.4,3572.0,3585.0,51049,0.0,IF2406
2024-03-21,3595.6,3609.2,3579.8,3584.2,49230,0.0,IF2406
2024-03-22,3582.4,3582.4,3521.0,3540.2,68032,0.0,IF2406
2024-03-25,3535.0,3566.0,3522.6,3532.0,54638,0.0,IF2406
2024-03-26,3538.2,3553.6,3524.6,3542.8,53578,0.0,IF2406
2024-03-27,3536.0,3547.2,3504.6,3504.8,55557,0.0,IF2406
2024-03-28,3508.6,3559.6,3492.2,3521.8,67417,0.0,IF2406
2024-03-29,3520.4,3544.8,3518.2,3539.2,45783,0.0,IF2406
2024-04-01,3555.6,3612.8,3555.6,3600.4,52275,0.0,IF2406
2024-04-02,3595.4,3604.8,3577.2,3589.6,42444,0.0,IF2406
2024-04-03,3589.0,3590.0,3564.0,3574.6,40028,0.0,IF2406
2024-04-08,3558.2,3570.4,3536.2,3541.8,50579,0.0,IF2406
2024-04-09,3546.0,3549.0,3523.6,3536.4,42864,0.0,IF2406
2024-04-10,3529.6,3535.2,3489.8,3508.6,51313,0.0,IF2406
2024-04-11,3490.2,3527.2,3485.4,3508.8,49918,0.0,IF2406
2024-04-12,3506.0,3518.0,3465.2,3472.4,48347,0.0,IF2406
2024-04-15,3479.6,3559.8,3477.2,3546.4,71887,0.0,IF2406
2024-04-16,3534.0,3546.2,3500.8,3514.0,62523,0.0,IF2406
2024-04-17,3520.4,3570.0,3501.2,3563.4,57735,0.0,IF2406
2024-04-18,3552.2,3607.2,3552.2,3569.0,41968,0.0,IF2406
2024-04-19,3564.0,3568.4,3528.4,3542.0,48710,0.0,IF2406
2024-04-22,3544.8,3565.4,3527.2,3535.6,46887,0.0,IF2406
2024-04-23,3535.2,3541.2,3501.6,3509.6,46892,0.0,IF2406
2024-04-24,3519.0,3530.0,3497.4,3523.6,41586,0.0,IF2406
2024-04-25,3514.2,3549.8,3505.0,3533.4,48014,0.0,IF2406
2024-04-26,3544.4,3597.2,3543.8,3587.6,61866,0.0,IF2406
2024-04-29,3594.0,3656.4,3587.8,3631.6,59294,0.0,IF2406
2024-04-30,3638.4,3638.4,3608.2,3610.2,39056,0.0,IF2406
2024-05-06,3666.0,3678.8,3647.6,3656.2,47582,0.0,IF2406
2024-05-07,3656.0,3666.2,3648.2,3658.0,32715,0.0,IF2406
2024-05-08,3654.0,3654.0,3626.4,3628.6,33023,0.0,IF2406
2024-05-09,3635.0,3673.0,3631.2,3663.6,38078,0.0,IF2406
2024-05-10,3670.4,3681.0,3637.6,3665.0,43705,0.0,IF2406
2024-05-13,3645.0,3673.8,3618.0,3661.6,43591,0.0,IF2406
2024-05-14,3666.8,3678.0,3644.2,3655.6,37330,0.0,IF2406
2024-05-15,3650.0,3656.6,3622.2,3629.6,33460,0.0,IF2406
2024-05-16,3627.2,3645.2,3614.0,3623.0,57067,0.0,IF2406
2024-05-17,3628.0,3675.0,3615.8,3669.0,73451,0.0,IF2406
2024-05-20,3676.2,3695.6,3662.0,3675.0,64289,0.0,IF2406
2024-05-21,3663.4,3674.0,3649.0,3662.2,46783,0.0,IF2406
2024-05-22,3662.2,3677.0,3653.8,3666.4,50559,0.0,IF2406
2024-05-23,3654.2,3655.0,3615.0,3629.2,63497,0.0,IF2406
2024-05-24,3618.8,3637.6,3586.0,3589.0,61126,0.0,IF2406
2024-05-27,3598.6,3619.4,3588.6,3617.4,51760,0.0,IF2406
2024-05-28,3612.8,3621.8,3587.0,3596.4,48798,0.0,IF2406
2024-05-29,3598.2,3623.0,3588.8,3596.2,53321,0.0,IF2406
2024-05-30,3590.0,3614.8,3576.6,3586.0,57085,0.0,IF2406
2024-05-31,3596.0,3606.8,3568.8,3571.8,51590,0.0,IF2406
2024-06-03,3570.0,3587.6,3552.8,3572.6,59654,0.0,IF2406
2024-06-04,3570.2,3611.8,3565.8,3597.6,58083,0.0,IF2406
2024-06-05,3593.0,3609.8,3583.0,3584.0,44885,0.0,IF2406
2024-06-06,3598.0,3618.4,3570.6,3584.4,66361,0.0,IF2406
2024-06-07,3595.0,3598.4,3539.0,3558.8,66751,0.0,IF2406
2024-06-11,3548.0,3554.4,3517.6,3536.6,54307,0.0,IF2406
2024-06-12,3533.4,3541.6,3521.2,3531.2,42344,0.0,IF2406
2024-06-13,3536.8,3542.6,3507.4,3517.6,47303,0.0,IF2406
2024-06-14,3512.6,3540.2,3498.0,3533.6,58876,0.0,IF2406
2024-06-17,3515.2,3536.6,3514.6,3527.6,49884,0.0,IF2406
2024-06-18,3533.8,3549.2,3526.4,3537.2,52593,0.0,IF2406
2024-06-19,3541.4,3547.6,3522.4,3527.6,45265,0.0,IF2406
2024-06-20,3529.8,3535.6,3501.0,3505.0,40551,0.0,IF2406
2024-06-21,3505.0,3511.0,3475.0,3492.8,25877,0.0,IF2406
2024-06-24,3446.0,3478.6,3441.4,3450.0,57669,0.0,IF2409
2024-06-25,3453.6,3457.8,3409.2,3427.8,57714,0.0,IF2409
2024-06-26,3426.0,3459.6,3414.6,3447.2,53995,0.0,IF2409
2024-06-27,3438.6,3442.0,3421.2,3430.0,48155,0.0,IF2409
2024-06-28,3425.0,3465.0,3422.0,3435.4,57829,0.0,IF2409
2024-07-01,3438.0,3458.6,3417.0,3448.6,47857,0.0,IF2409
2024-07-02,3441.4,3461.2,3436.8,3444.6,40162,0.0,IF2409
2024-07-03,3449.8,3452.0,3428.8,3438.2,40891,0.0,IF2409
2024-07-04,3445.0,3459.8,3418.0,3419.0,49753,0.0,IF2409
2024-07-05,3423.0,3427.0,3373.2,3404.8,57546,0.0,IF2409
2024-07-08,3397.8,3403.6,3370.2,3379.2,40933,0.0,IF2409
2024-07-09,3378.8,3432.6,3363.0,3418.2,62497,0.0,IF2409
2024-07-10,3416.0,3432.0,3409.0,3412.4,39700,0.0,IF2409
2024-07-11,3437.6,3468.8,3424.8,3455.8,51487,0.0,IF2409
2024-07-12,3455.4,3470.8,3452.4,3461.6,37297,0.0,IF2409
2024-07-15,3456.0,3471.8,3453.8,3461.0,38026,0.0,IF2409
2024-07-16,3461.0,3490.6,3453.0,3485.8,49573,0.0,IF2409
2024-07-17,3485.2,3505.2,3477.6,3493.2,47550,0.0,IF2409
2024-07-18,3478.0,3516.0,3472.6,3515.2,43599,0.0,IF2409
2024-07-19,3499.0,3536.2,3492.0,3530.8,22332,0.0,IF2409
2024-07-22,3515.0,3522.0,3476.0,3492.4,50646,0.0,IF2409
2024-07-23,3489.6,3498.4,3427.2,3429.8,48791,0.0,IF2409
2024-07-24,3426.6,3438.4,3390.8,3402.4,56522,0.0,IF2409
2024-07-25,3395.0,3403.4,3368.4,3380.6,56302,0.0,IF2409
2024-07-26,3385.0,3411.8,3377.8,3397.4,49224,0.0,IF2409
2024-07-29,3397.4,3399.2,3380.0,3382.2,34189,0.0,IF2409
2024-07-30,3372.4,3375.0,3345.6,3359.6,47060,0.0,IF2409
2024-07-31,3356.0,3447.6,3356.0,3444.4,63407,0.0,IF2409
2024-08-01,3444.0,3452.8,3414.4,3417.2,43232,0.0,IF2409
2024-08-02,3394.6,3419.0,3374.4,3379.6,47257,0.0,IF2409
2024-08-05,3363.6,3411.2,3337.0,3342.8,67339,0.0,IF2409
2024-08-06,3368.0,3378.8,3312.6,3336.2,57521,0.0,IF2409
2024-08-07,3330.0,3358.8,3323.0,3332.6,43598,0.0,IF2409
2024-08-08,3330.0,3364.4,3313.6,3339.4,46177,0.0,IF2409
2024-08-09,3356.6,3364.6,3325.0,3325.4,42687,0.0,IF2409
2024-08-12,3325.4,3337.4,3317.4,3325.8,37891,0.0,IF2409
2024-08-13,3330.0,3334.4,3307.4,3330.0,39937,0.0,IF2409
2024-08-14,3332.2,3332.8,3303.0,3304.2,34455,0.0,IF2409
2024-08-15,3301.2,3362.0,3293.2,3339.8,38240,0.0,IF2409
2024-08-16,3333.6,3349.4,3326.0,3335.2,53101,0.0,IF2409
2024-08-19,3335.2,3374.8,3335.2,3348.2,49896,0.0,IF2409
2024-08-20,3353.4,3354.6,3309.0,3320.0,56127,0.0,IF2409
2024-08-21,3315.0,3324.4,3295.6,3312.4,47378,0.0,IF2409
2024-08-22,3315.2,3322.0,3291.2,3301.8,53259,0.0,IF2409
2024-08-23,3300.6,3333.8,3299.0,3321.8,54114,0.0,IF2409
2024-08-26,3327.0,3335.0,3304.4,3320.8,48284,0.0,IF2409
2024-08-27,3313.4,3319.2,3295.2,3304.2,41807,0.0,IF2409
2024-08-28,3300.0,3306.0,3272.8,3281.4,55947,0.0,IF2409
2024-08-29,3271.0,3292.0,3267.0,3275.2,56805,0.0,IF2409
2024-08-30,3275.0,3358.0,3272.4,3322.4,89607,0.0,IF2409
2024-09-02,3309.0,3313.2,3257.2,3259.8,59588,0.0,IF2409
2024-09-03,3262.8,3280.0,3255.6,3267.0,54770,0.0,IF2409
2024-09-04,3260.0,3271.6,3245.2,3250.0,52229,0.0,IF2409
2024-09-05,3257.0,3268.0,3245.8,3254.0,51139,0.0,IF2409
2024-09-06,3261.0,3273.4,3221.2,3226.6,53578,0.0,IF2409
2024-09-09,3215.0,3225.0,3174.6,3189.2,56733,0.0,IF2409
2024-09-10,3190.0,3204.4,3165.0,3188.2,58914,0.0,IF2409
2024-09-11,3180.6,3195.6,3167.0,3183.0,48414,0.0,IF2409
2024-09-12,3189.0,3203.8,3171.0,3174.8,50244,0.0,IF2409
2024-09-13,3177.0,3190.2,3157.6,3158.0,53682,0.0,IF2409
2024-09-18,3163.0,3184.4,3144.4,3171.6,64922,0.0,IF2409
2024-09-19,3180.0,3221.0,3147.4,3198.4,63762,0.0,IF2409
2024-09-20,3197.4,3197.4,3173.0,3185.0,28818,0.0,IF2409
2024-09-23,3184.2,3226.8,3184.2,3206.8,51491,0.0,IF2412
2024-09-24,3244.0,3360.0,3219.0,3359.8,97405,0.0,IF2412
2024-09-25,3409.8,3474.6,3398.0,3406.2,95966,0.0,IF2412
2024-09-26,3405.0,3588.0,3400.0,3588.0,112916,0.0,IF2412
2024-09-27,3661.2,3896.8,3604.2,3827.8,174660,0.0,IF2412
2024-09-30,3937.0,4160.6,3825.8,4160.6,182179,0.0,IF2412
2024-10-08,4535.0,4535.0,4163.0,4261.2,187888,0.0,IF2412
2024-10-09,4188.0,4218.0,3921.4,3934.0,182103,0.0,IF2412
2024-10-10,4000.0,4125.0,3937.4,4010.8,140123,0.0,IF2412
2024-10-11,3999.8,4001.6,3845.0,3904.4,112540,0.0,IF2412
2024-10-14,3930.2,3988.0,3872.0,3963.2,96706,0.0,IF2412
2024-10-15,3938.8,3972.0,3850.6,3852.2,82444,0.0,IF2412
2024-10-16,3816.8,3888.2,3805.0,3832.0,79653,0.0,IF2412
2024-10-17,3856.6,3888.0,3781.8,3784.4,57933,0.0,IF2412
2024-10-18,3795.0,4077.0,3772.0,3934.4,157309,0.0,IF2412
2024-10-21,3952.4,3987.0,3911.0,3942.4,93692,0.0,IF2412
2024-10-22,3928.2,3977.0,3927.0,3968.8,76187,0.0,IF2412
2024-10-23,3965.2,4025.2,3950.0,3982.8,91964,0.0,IF2412
2024-10-24,3963.0,3971.2,3916.2,3937.0,68994,0.0,IF2412
2024-10-25,3945.0,4005.0,3930.0,3958.0,86994,0.0,IF2412
2024-10-28,3960.4,3972.6,3925.4,3972.2,67380,0.0,IF2412
2024-10-29,3986.0,4007.6,3925.6,3940.0,83548,0.0,IF2412
2024-10-30,3930.0,3939.0,3871.2,3896.0,78980,0.0,IF2412
2024-10-31,3898.0,3933.6,3862.0,3893.0,101219,0.0,IF2412
2024-11-01,3891.2,3945.0,3885.2,3905.0,94876,0.0,IF2412
2024-11-04,3914.2,3960.8,3896.2,3959.0,66974,0.0,IF2412
2024-11-05,3949.0,4069.6,3936.0,4068.0,115333,0.0,IF2412
2024-11-06,4060.0,4113.0,4011.2,4040.8,120898,0.0,IF2412
2024-11-07,4020.0,4185.0,4013.4,4183.8,126886,0.0,IF2412
2024-11-08,4215.2,4230.0,4100.8,4112.2,134963,0.0,IF2412
2024-11-11,4080.0,4143.4,4051.6,4133.2,110171,0.0,IF2412
2024-11-12,4133.4,4192.0,4065.6,4083.8,125160,0.0,IF2412
2024-11-13,4068.2,4128.2,4066.2,4112.8,102550,0.0,IF2412
2024-11-14,4098.0,4122.2,4037.0,4041.8,105891,0.0,IF2412
2024-11-15,4040.0,4057.8,3969.4,3975.2,120323,0.0,IF2412
2024-11-18,3997.8,4035.6,3932.0,3954.6,138646,0.0,IF2412
2024-11-19,3966.0,3978.0,3900.0,3973.2,124821,0.0,IF2412
2024-11-20,3961.4,4002.2,3956.0,3980.0,99274,0.0,IF2412
2024-11-21,3974.8,3998.0,3960.2,3989.2,83651,0.0,IF2412
2024-11-22,3985.0,3992.0,3853.2,3860.8,115044,0.0,IF2412
2024-11-25,3878.2,3887.0,3804.0,3839.0,110372,0.0,IF2412
2024-11-26,3830.0,3869.8,3822.0,3836.0,87806,0.0,IF2412
2024-11-27,3828.6,3910.4,3813.6,3901.4,112178,0.0,IF2412
2024-11-28,3896.2,3905.0,3853.2,3872.4,94719,0.0,IF2412
2024-11-29,3876.8,3965.6,3874.0,3911.0,118696,0.0,IF2412
2024-12-02,3912.0,3959.4,3902.0,3942.0,101066,0.0,IF2412
2024-12-03,3939.8,3965.6,3914.2,3945.6,89048,0.0,IF2412
2024-12-04,3940.0,3950.4,3910.0,3924.8,82377,0.0,IF2412
2024-12-05,3915.6,3934.6,3903.2,3918.6,72701,0.0,IF2412
2024-12-06,3921.0,4001.4,3915.2,3968.0,113855,0.0,IF2412
2024-12-09,3967.0,3994.4,3936.6,3963.4,83017,0.0,IF2412
2024-12-10,4099.0,4124.0,3989.6,4000.4,116078,0.0,IF2412
2024-12-11,3997.0,4013.6,3985.2,3994.0,70438,0.0,IF2412
2024-12-12,3994.2,4044.2,3987.0,4038.8,83636,0.0,IF2412
2024-12-13,4005.0,4006.4,3926.2,3935.0,104929,0.0,IF2412
2024-12-16,3940.0,3940.0,3901.2,3911.4,65026,0.0,IF2412
2024-12-17,3907.0,3962.0,3907.0,3922.4,89943,0.0,IF2412
2024-12-18,3941.4,3959.4,3931.6,3940.2,65404,0.0,IF2412
2024-12-19,3910.8,3956.6,3897.2,3944.8,55685,0.0,IF2412
2024-12-20,3937.0,3957.6,3921.0,3935.0,31716,0.0,IF2412
2024-12-23,3939.8,3972.0,3931.4,3937.4,52276,0.0,IF2503
2024-12-24,3941.2,3998.4,3938.2,3988.8,55592,0.0,IF2503
2024-12-25,3992.0,4009.0,3968.0,3986.8,48157,0.0,IF2503
2024-12-26,3984.8,3999.6,3972.2,3990.4,33505,0.0,IF2503
2024-12-27,3994.0,4021.2,3980.0,3987.0,52322,0.0,IF2503
2024-12-30,3987.6,4014.8,3986.6,4003.4,43124,0.0,IF2503
2024-12-31,4005.8,4014.2,3916.8,3921.0,63904,0.0,IF2503
2025-01-02,3921.0,3931.0,3784.4,3817.8,82958,0.0,IF2503
2025-01-03,3826.0,3834.0,3758.0,3779.0,74342,0.0,IF2503
2025-01-06,3780.2,3785.4,3740.8,3762.0,63581,0.0,IF2503
2025-01-07,3757.0,3793.4,3750.0,3789.6,52260,0.0,IF2503
2025-01-08,3780.0,3810.0,3720.6,3781.2,74894,0.0,IF2503
2025-01-09,3773.0,3790.0,3762.4,3772.2,46603,0.0,IF2503
2025-01-10,3778.0,3785.8,3727.4,3728.0,56307,0.0,IF2503
2025-01-13,3710.0,3739.2,3702.0,3724.0,56330,0.0,IF2503
2025-01-14,3732.8,3834.8,3721.2,3816.8,85212,0.0,IF2503
2025-01-15,3806.4,3815.0,3786.0,3794.6,51748,0.0,IF2503
2025-01-16,3807.6,3849.6,3771.0,3792.2,76758,0.0,IF2503
2025-01-17,3784.4,3835.0,3776.6,3807.2,77443,0.0,IF2503
2025-01-20,3832.0,3863.6,3818.6,3827.0,68261,0.0,IF2503
2025-01-21,3850.4,3854.0,3816.0,3831.6,65603,0.0,IF2503
2025-01-22,3824.4,3825.4,3774.2,3790.8,74475,0.0,IF2503
2025-01-23,3830.2,3872.6,3791.0,3798.6,107102,0.0,IF2503
2025-01-24,3798.0,3859.0,3797.0,3843.8,83529,0.0,IF2503
2025-01-27,3846.0,3855.4,3795.0,3795.0,63406,0.0,IF2503
2025-02-05,3826.4,3829.4,3775.6,3788.8,65902,0.0,IF2503
2025-02-06,3788.0,3849.8,3786.2,3841.6,74978,0.0,IF2503
2025-02-07,3841.2,3925.6,3834.2,3897.8,107480,0.0,IF2503
2025-02-10,3905.0,3910.2,3882.2,3899.0,64008,0.0,IF2503
2025-02-11,3902.0,3904.4,3868.4,3883.2,54628,0.0,IF2503
2025-02-12,3879.0,3927.6,3866.0,3918.4,74891,0.0,IF2503
2025-02-13,3914.6,3940.2,3901.0,3910.0,82808,0.0,IF2503
2025-02-14,3912.8,3948.6,3904.4,3944.4,79613,0.0,IF2503
2025-02-17,3958.0,3964.0,3916.0,3948.2,75930,0.0,IF2503
2025-02-18,3940.0,3965.0,3900.4,3918.2,89311,0.0,IF2503
2025-02-19,3914.0,3949.6,3907.4,3939.4,81144,0.0,IF2503
2025-02-20,3931.0,3939.4,3913.2,3926.8,73119,0.0,IF2503
2025-02-21,3936.2,3988.4,3925.8,3981.6,106233,0.0,IF2503
2025-02-24,3978.0,3995.8,3946.0,3967.2,90206,0.0,IF2503
2025-02-25,3930.0,3956.6,3913.0,3928.6,83453,0.0,IF2503
2025-02-26,3935.6,3961.0,3922.6,3957.2,88376,0.0,IF2503
2025-02-27,3957.0,3975.0,3931.0,3973.6,94347,0.0,IF2503
2025-02-28,3955.0,3970.0,3887.4,3899.8,104257,0.0,IF2503
2025-03-03,3908.0,3935.0,3871.8,3886.6,93136,0.0,IF2503
2025-03-04,3870.0,3891.0,3858.8,3882.2,72633,0.0,IF2503
2025-03-05,3885.0,3903.0,3871.4,3894.6,71493,0.0,IF2503
2025-03-06,3917.6,3969.0,3916.0,3954.2,95177,0.0,IF2503
2025-03-07,3945.2,3964.8,3933.0,3943.8,65169,0.0,IF2503
2025-03-10,3943.2,3945.8,3896.6,3917.8,76002,0.0,IF2503
2025-03-11,3884.4,3930.0,3882.2,3930.0,70169,0.0,IF2503
2025-03-12,3936.0,3950.8,3911.6,3923.2,72770,0.0,IF2503
2025-03-13,3924.0,3935.0,3885.8,3904.8,76944,0.0,IF2503
2025-03-14,3913.0,4020.0,3910.4,4012.8,121547,0.0,IF2503
2025-03-17,4022.0,4028.0,3991.0,3996.0,79845,0.0,IF2503
2025-03-18,3989.0,4001.8,3976.6,3982.2,37257,0.0,IF2503
2025-03-19,3978.2,4002.2,3968.4,3990.0,38825,0.0,IF2503
2025-03-20,3987.0,3989.6,3947.0,3953.6,42985,0.0,IF2503
2025-03-21,3950.0,3960.2,3871.8,3882.8,67356,0.0,IF2503
2025-03-24,3885.2,3907.2,3878.6,3900.2,51229,0.0,IF2506
2025-03-25,3901.0,3913.2,3890.6,3904.4,45405,0.0,IF2506
2025-03-26,3902.0,3918.6,3888.8,3891.8,45817,0.0,IF2506
2025-03-27,3890.0,3931.6,3873.4,3904.6,56873,0.0,IF2506
2025-03-28,3906.4,3909.8,3875.2,3884.0,51648,0.0,IF2506
2025-03-31,3877.2,3902.0,3833.8,3858.6,64968,0.0,IF2506
2025-04-01,3866.0,3879.6,3853.4,3859.6,40892,0.0,IF2506
2025-04-02,3859.6,3876.0,3850.4,3857.6,37515,0.0,IF2506
2025-04-03,3824.0,3864.0,3820.2,3837.0,62929,0.0,IF2506
2025-04-07,3683.4,3729.2,3452.6,3452.6,149826,0.0,IF2506
2025-04-08,3482.6,3560.0,3470.0,3543.8,123769,0.0,IF2506
2025-04-09,3499.6,3634.4,3489.0,3614.0,115307,0.0,IF2506
2025-04-10,3678.4,3713.4,3655.0,3673.0,83748,0.0,IF2506
2025-04-11,3678.2,3709.0,3650.2,3686.6,69617,0.0,IF2506
2025-04-14,3706.2,3717.0,3694.0,3694.8,45569,0.0,IF2506
2025-04-15,3692.0,3698.0,3675.4,3690.4,44540,0.0,IF2506
2025-04-16,3691.2,3697.8,3652.6,3690.8,58241,0.0,IF2506
2025-04-17,3680.0,3725.0,3678.2,3710.6,55799,0.0,IF2506
2025-04-18,3706.4,3723.4,3694.6,3708.8,45646,0.0,IF2506
2025-04-21,3708.2,3745.2,3705.4,3733.2,44191,0.0,IF2506
2025-04-22,3733.2,3750.0,3731.4,3733.0,37955,0.0,IF2506
2025-04-23,3753.8,3768.0,3727.8,3734.0,48170,0.0,IF2506
2025-04-24,3736.2,3759.8,3720.6,3736.8,48747,0.0,IF2506
2025-04-25,3745.0,3760.0,3730.2,3739.2,47168,0.0,IF2506
2025-04-28,3737.0,3741.0,3716.8,3730.6,38102,0.0,IF2506
2025-04-29,3729.0,3739.0,3715.4,3724.8,37569,0.0,IF2506
2025-04-30,3725.8,3748.0,3715.6,3716.2,42386,0.0,IF2506
2025-05-06,3734.0,3772.0,3733.2,3766.2,47831,0.0,IF2506
2025-05-07,3820.0,3835.0,3770.2,3785.0,56105,0.0,IF2506
2025-05-08,3778.0,3836.2,3775.6,3816.0,58985,0.0,IF2506
2025-05-09,3813.2,3815.2,3793.4,3808.6,39940,0.0,IF2506
2025-05-12,3830.6,3858.8,3822.0,3853.0,61843,0.0,IF2506
2025-05-13,3868.0,3872.0,3842.0,3851.0,45698,0.0,IF2506
2025-05-14,3852.0,3933.2,3851.2,3907.4,81957,0.0,IF2506
2025-05-15,3896.4,3905.8,3863.4,3872.8,59965,0.0,IF2506
2025-05-16,3868.0,3876.8,3838.4,3846.0,55823,0.0,IF2506
2025-05-19,3840.0,3848.0,3821.8,3843.2,48882,0.0,IF2506
2025-05-20,3847.0,3878.0,3839.4,3865.4,52572,0.0,IF2506
2025-05-21,3865.4,3894.6,3863.8,3881.2,56306,0.0,IF2506
2025-05-22,3878.0,3889.8,3864.0,3879.6,52835,0.0,IF2506
2025-05-23,3875.2,3904.8,3846.0,3846.2,78281,0.0,IF2506
2025-05-26,3846.2,3856.8,3817.4,3831.2,62863,0.0,IF2506
2025-05-27,3828.2,3834.6,3802.0,3809.2,54529,0.0,IF2506
2025-05-28,3815.0,3821.6,3800.6,3805.0,45973,0.0,IF2506
2025-05-29,3814.6,3853.6,3803.0,3832.8,70602,0.0,IF2506
2025-05-30,3825.0,3830.8,3792.0,3822.4,63806,0.0,IF2506
2025-06-03,3815.8,3841.4,3808.2,3824.8,52960,0.0,IF2506
2025-06-04,3829.6,3855.6,3827.2,3842.4,47487,0.0,IF2506
2025-06-05,3848.0,3865.0,3835.0,3852.0,49359,0.0,IF2506
2025-06-06,3857.0,3870.4,3846.8,3855.4,43521,0.0,IF2506
2025-06-09,3862.0,3883.6,3855.2,3867.8,57026,0.0,IF2506
2025-06-10,3870.0,3878.8,3830.0,3841.0,64495,0.0,IF2506
2025-06-11,3848.8,3902.6,3848.6,3878.8,69002,0.0,IF2506
2025-06-12,3870.2,3889.8,3854.2,3883.6,51953,0.0,IF2506
2025-06-13,3874.0,3878.0,3840.2,3856.4,60941,0.0,IF2506
2025-06-16,3848.0,3874.4,3847.6,3869.8,57349,0.0,IF2506
2025-06-17,3805.0,3808.2,3785.6,3799.2,25492,0.0,IF2506
2025-06-18,3806.8,3810.0,3782.8,3801.6,29991,0.0,IF2506
2025-06-19,3796.0,3798.2,3754.6,3766.0,37749,0.0,IF2506
2025-06-20,3770.8,3785.2,3766.8,3773.6,35051,0.0,IF2506
2025-06-23,3765.0,3809.8,3760.6,3797.4,47208,0.0,IF2509
2025-06-24,3804.6,3872.0,3804.0,3852.4,57535,0.0,IF2509
2025-06-25,3856.0,3928.0,3851.2,3922.8,61056,0.0,IF2509
2025-06-26,3915.2,3925.0,3901.2,3904.2,43176,0.0,IF2509
2025-06-27,3911.0,3931.4,3874.0,3876.6,56221,0.0,IF2509
2025-06-30,3881.2,3893.0,3867.0,3885.8,40077,0.0,IF2509
2025-07-01,3889.2,3895.6,3867.0,3886.0,34558,0.0,IF2509
2025-07-02,3890.2,3899.6,3872.2,3894.2,35301,0.0,IF2509
2025-07-03,3899.6,3923.6,3891.0,3918.0,38088,0.0,IF2509
2025-07-04,3918.2,3974.2,3905.0,3936.0,66892,0.0,IF2509
2025-07-07,3932.2,3937.6,3907.0,3918.0,35769,0.0,IF2509
2025-07-08,3921.2,3967.2,3920.2,3958.6,50571,0.0,IF2509
2025-07-09,3958.6,3978.0,3948.0,3952.8,43451,0.0,IF2509
2025-07-10,3956.2,3998.8,3952.0,3972.0,51019,0.0,IF2509
2025-07-11,3977.0,4045.0,3971.2,3993.4,84781,0.0,IF2509
2025-07-14,3993.6,4002.8,3984.8,3985.8,37589,0.0,IF2509
2025-07-15,3991.0,4012.0,3952.6,3980.6,62583,0.0,IF2509
2025-07-16,3981.2,3998.6,3958.8,3971.0,45629,0.0,IF2509
2025-07-17,3976.0,4012.0,3972.2,4011.8,49872,0.0,IF2509
2025-07-18,4018.8,4046.0,4015.2,4041.8,59958,0.0,IF2509
2025-07-21,4055.2,4070.8,4044.6,4064.8,49413,0.0,IF2509
2025-07-22,4067.0,4110.8,4051.0,4109.8,69503,0.0,IF2509
2025-07-23,4117.0,4146.6,4097.2,4109.2,76014,0.0,IF2509
2025-07-24,4103.0,4144.6,4101.2,4141.2,65298,0.0,IF2509
2025-07-25,4136.0,4138.0,4104.0,4116.0,53170,0.0,IF2509
2025-07-28,4116.0,4134.6,4093.8,4122.0,54638,0.0,IF2509
2025-07-29,4112.0,4142.8,4095.4,4141.4,58516,0.0,IF2509
2025-07-30,4131.4,4173.0,4110.0,4136.4,81931,0.0,IF2509
2025-07-31,4124.8,4125.6,4035.4,4057.0,91447,0.0,IF2509
2025-08-01,4057.8,4066.4,4018.6,4029.6,56881,0.0,IF2509
2025-08-04,4018.2,4054.0,4017.4,4052.8,44736,0.0,IF2509
2025-08-05,4060.0,4086.6,4051.0,4082.0,45420,0.0,IF2509
2025-08-06,4080.0,4105.2,4077.0,4097.0,42038,0.0,IF2509
2025-08-07,4100.0,4117.4,4073.2,4092.6,54603,0.0,IF2509
2025-08-08,4087.0,4102.0,4073.8,4083.2,42805,0.0,IF2509
2025-08-11,4089.4,4126.4,4086.0,4104.8,60577,0.0,IF2509
2025-08-12,4109.6,4144.2,4104.6,4131.2,61270,0.0,IF2509
2025-08-13,4138.8,4181.0,4135.2,4170.8,74450,0.0,IF2509
2025-08-14,4179.6,4212.8,4155.8,4163.8,93677,0.0,IF2509
2025-08-15,4157.0,4215.0,4146.8,4209.4,90646,0.0,IF2509
2025-08-18,4220.0,4275.2,4196.0,4237.8,99705,0.0,IF2509
2025-08-19,4244.0,4260.4,4208.8,4216.2,73558,0.0,IF2509
2025-08-20,4201.0,4273.8,4176.6,4270.0,90137,0.0,IF2509
2025-08-21,4280.4,4299.8,4264.2,4282.2,83303,0.0,IF2509
2025-08-22,4283.0,4396.6,4283.0,4394.0,94570,0.0,IF2509
2025-08-25,4425.0,4484.6,4408.0,4474.6,118828,0.0,IF2509
2025-08-26,4474.8,4482.8,4437.2,4449.0,87160,0.0,IF2509
2025-08-27,4451.2,4494.8,4380.6,4384.0,113283,0.0,IF2509
2025-08-28,4383.2,4465.0,4360.2,4460.4,126057,0.0,IF2509
2025-08-29,4452.2,4517.6,4447.0,4506.2,126040,0.0,IF2509
2025-09-01,4517.0,4527.2,4480.0,4510.6,94140,0.0,IF2509
2025-09-02,4516.0,4540.6,4446.0,4481.2,122523,0.0,IF2509
2025-09-03,4501.4,4508.6,4408.0,4430.0,120700,0.0,IF2509
2025-09-04,4437.0,4453.6,4306.2,4349.4,133914,0.0,IF2509
2025-09-05,4351.2,4470.0,4344.2,4456.6,98192,0.0,IF2509
2025-09-08,4464.0,4478.8,4424.0,4453.0,83936,0.0,IF2509
2025-09-09,4438.0,4463.0,4401.2,4426.2,73565,0.0,IF2509
2025-09-10,4430.8,4461.8,4405.0,4432.4,76988,0.0,IF2509
2025-09-11,4424.0,4562.2,4413.6,4562.0,96412,0.0,IF2509
2025-09-12,4557.0,4565.8,4517.0,4523.2,83488,0.0,IF2509
2025-09-15,4506.8,4528.2,4489.0,4497.0,41930,0.0,IF2509
2025-09-16,4510.0,4523.8,4459.0,4489.2,51156,0.0,IF2509
2025-09-17,4493.8,4527.6,4466.2,4518.2,57612,0.0,IF2509
2025-09-18,4512.0,4545.0,4405.8,4448.2,95637,0.0,IF2509
2025-09-19,4455.0,4490.0,4440.8,4464.4,80743,0.0,IF2509
2025-09-22,4475.0,4488.0,4447.2,4484.0,65934,0.0,IF2512
2025-09-23,4495.0,4513.0,4408.8,4483.8,101402,0.0,IF2512
2025-09-24,4468.8,4531.2,4463.2,4530.0,86527,0.0,IF2512
2025-09-25,4523.4,4587.6,4522.0,4562.2,80775,0.0,IF2512
2025-09-26,4550.0,4570.8,4525.0,4525.0,71448,0.0,IF2512
2025-09-29,4530.0,4639.8,4515.2,4604.6,97301,0.0,IF2512
2025-09-30,4615.0,4631.8,4601.0,4618.0,63292,0.0,IF2512
2025-10-09,4639.0,4715.0,4627.2,4689.2,78704,0.0,IF2512
2025-10-10,4664.0,4674.4,4576.2,4592.2,96227,0.0,IF2512
2025-10-13,4520.0,4574.4,4493.0,4562.6,97200,0.0,IF2512
2025-10-14,4588.6,4609.0,4480.0,4507.2,107698,0.0,IF2512
2025-10-15,4522.0,4587.8,4501.0,4576.4,86223,0.0,IF2512
2025-10-16,4561.0,4618.0,4561.0,4590.0,87781,0.0,IF2512
2025-10-17,4582.0,4596.0,4468.0,4485.2,99982,0.0,IF2512
2025-10-20,4523.0,4549.8,4490.8,4506.8,71457,0.0,IF2512
2025-10-21,4528.2,4599.2,4521.0,4577.6,77133,0.0,IF2512
2025-10-22,4559.0,4579.4,4536.8,4563.4,65140,0.0,IF2512
2025-10-23,4555.4,4589.6,4505.4,4580.8,84087,0.0,IF2512
2025-10-24,4592.0,4634.8,4592.0,4634.8,74172,0.0,IF2512
2025-10-27,4672.0,4697.8,4660.8,4684.4,71074,0.0,IF2512
2025-10-28,4680.0,4719.0,4660.4,4669.6,72481,0.0,IF2512
2025-10-29,4685.0,4732.6,4678.6,4732.6,65655,0.0,IF2512
2025-10-30,4723.2,4741.0,4680.0,4690.0,87251,0.0,IF2512
2025-10-31,4691.6,4699.4,4627.4,4631.4,85956,0.0,IF2512
2025-11-03,4637.0,4642.2,4577.6,4634.8,72223,0.0,IF2512
2025-11-04,4629.6,4639.4,4558.2,4589.0,74377,0.0,IF2512
2025-11-05,4536.6,4621.4,4536.0,4596.6,73216,0.0,IF2512
2025-11-06,4611.0,4682.6,4608.0,4670.8,71116,0.0,IF2512
2025-11-07,4656.0,4676.8,4638.0,4659.4,56412,0.0,IF2512
2025-11-10,4675.0,4678.0,4626.4,4672.0,69883,0.0,IF2512
2025-11-11,4684.4,4690.6,4618.4,4626.8,70771,0.0,IF2512
2025-11-12,4628.6,4649.4,4593.8,4628.0,79009,0.0,IF2512
2025-11-13,4620.0,4682.4,4617.6,4677.0,70414,0.0,IF2512
2025-11-14,4650.0,4661.8,4600.0,4600.4,67288,0.0,IF2512
2025-11-17,4596.2,4605.0,4558.8,4581.4,69751,0.0,IF2512
2025-11-18,4571.0,4586.0,4530.4,4555.0,76476,0.0,IF2512
2025-11-19,4558.6,4587.0,4544.2,4565.2,76820,0.0,IF2512
2025-11-20,4590.8,4599.2,4535.2,4539.2,83141,0.0,IF2512
2025-11-21,4509.6,4521.4,4427.2,4428.4,112829,0.0,IF2512
2025-11-24,4451.0,4454.6,4408.8,4435.2,82507,0.0,IF2512
2025-11-25,4458.8,4504.0,4455.6,4473.0,77751,0.0,IF2512
2025-11-26,4482.8,4519.0,4471.0,4493.0,70583,0.0,IF2512
2025-11-27,4499.0,4549.0,4487.6,4492.6,72122,0.0,IF2512
2025-11-28,4492.0,4515.8,4476.0,4505.8,64947,0.0,IF2512
2025-12-01,4516.8,4555.8,4511.8,4555.4,68600,0.0,IF2512
2025-12-02,4555.4,4559.8,4521.6,4535.8,55827,0.0,IF2512
2025-12-03,4538.2,4556.0,4504.2,4518.2,67863,0.0,IF2512
2025-12-04,4525.0,4547.8,4500.8,4530.6,63708,0.0,IF2512
2025-12-05,4525.0,4588.4,4516.4,4574.4,84754,0.0,IF2512
2025-12-08,4590.0,4635.0,4589.6,4613.2,76082,0.0,IF2512
2025-12-09,4611.4,4618.8,4571.8,4583.2,63877,0.0,IF2512
2025-12-10,4576.0,4583.6,4532.0,4574.2,75990,0.0,IF2512
2025-12-11,4585.2,4593.2,4534.6,4539.6,64930,0.0,IF2512
2025-12-12,4559.6,4581.6,4526.0,4574.0,74003,0.0,IF2512
2025-12-15,4511.0,4549.0,4500.6,4501.0,34058,0.0,IF2512
2025-12-16,4494.0,4502.8,4429.6,4451.4,43729,0.0,IF2512
2025-12-17,4450.2,4549.0,4444.0,4532.0,61193,0.0,IF2512
2025-12-18,4516.8,4532.0,4498.4,4505.0,50112,0.0,IF2512
2025-12-19,4515.0,4557.0,4506.8,4527.0,66095,0.0,IF2512
2025-12-22,4542.2,4579.2,4542.2,4564.8,53962,0.0,IF2603
2025-12-23,4570.0,4599.0,4561.4,4571.4,52645,0.0,IF2603
2025-12-24,4573.0,4608.4,4559.0,4595.0,58846,0.0,IF2603
2025-12-25,4586.0,4624.8,4586.0,4610.6,52262,0.0,IF2603
2025-12-26,4611.2,4664.2,4611.2,4638.4,70821,0.0,IF2603
2025-12-29,4640.2,4645.0,4595.2,4610.2,58452,0.0,IF2603
2025-12-30,4598.8,4645.2,4590.4,4622.2,56756,0.0,IF2603
2025-12-31,4628.2,4634.6,4581.2,4599.8,63352,0.0,IF2603
2026-01-05,4627.0,4705.0,4627.0,4697.0,72812,0.0,IF2603
2026-01-06,4705.0,4780.8,4705.0,4778.0,79694,0.0,IF2603
2026-01-07,4781.0,4785.8,4733.0,4753.0,67166,0.0,IF2603
2026-01-08,4745.0,4751.0,4694.2,4718.4,70354,0.0,IF2603
2026-01-09,4714.4,4767.6,4703.6,4743.8,85400,0.0,IF2603
2026-01-12,4762.0,4797.0,4722.6,4774.0,89188,0.0,IF2603
2026-01-13,4788.0,4828.0,4738.6,4758.6,97329,0.0,IF2603
2026-01-14,4781.0,4833.2,4707.0,4740.0,119874,0.0,IF2603
2026-01-15,4725.0,4764.8,4708.2,4746.6,81140,0.0,IF2603
2026-01-16,4770.0,4790.0,4711.6,4723.2,89508,0.0,IF2603
2026-01-19,4711.8,4763.0,4708.8,4728.6,73045,0.0,IF2603
2026-01-20,4731.6,4743.8,4672.8,4708.6,79866,0.0,IF2603
2026-01-21,4699.0,4756.4,4698.8,4722.8,74116,0.0,IF2603
2026-01-22,4740.8,4756.2,4700.6,4719.4,72080,0.0,IF2603
2026-01-23,4731.6,4739.4,4705.4,4709.2,84474,0.0,IF2603
2026-01-26,4726.8,4775.6,4712.4,4719.4,112956,0.0,IF2603
2026-01-27,4720.0,4748.6,4681.0,4718.2,87568,0.0,IF2603
2026-01-28,4735.0,4747.8,4716.0,4732.8,84387,0.0,IF2603
2026-01-29,4740.0,4793.0,4716.2,4784.0,99189,0.0,IF2603
2026-01-30,4760.0,4780.0,4640.0,4711.0,108273,0.0,IF2603
2026-02-02,4680.6,4724.0,4555.6,4558.2,105387,0.0,IF2603
2026-02-03,4556.6,4599.2,4500.4,4576.2,8112,28500.0,IF2609
2026-02-04,4567.0,4615.0,4554.2,4611.0,7368,27954.0,IF2609
2026-02-05,4588.0,4603.0,4543.2,4585.2,7389,29451.0,IF2609
2026-02-06,4540.0,4602.6,4509.8,4559.8,7170,30103.0,IF2609
2026-02-09,4610.0,4644.8,4598.4,4637.4,5251,30540.0,IF2609
2026-02-10,4640.0,4650.0,4632.8,4636.8,2869,30687.0,IF2609
2026-02-11,4638.4,4639.8,4621.0,4625.8,3322,31778.0,IF2609
2026-02-12,4631.8,4637.8,4618.4,4628.6,2956,31895.0,IF2609
2026-02-13,4605.0,4609.6,4528.2,4534.6,10218,33029.0,IF2609
2026-02-24,4599.8,4612.0,4572.4,4583.8,6531,32592.0,IF2609
2026-02-25,4600.0,4676.0,4597.2,4640.2,8414,35172.0,IF2609
2026-02-26,4648.6,4649.0,4596.0,4614.8,8055,35552.0,IF2609
2026-02-27,4602.0,4619.0,4586.0,4614.6,6967,36704.0,IF2609
2026-03-02,4582.4,4612.0,4543.0,4601.0,11606,38870.0,IF2609
2026-03-03,4615.0,4617.0,4522.4,4541.2,15057,40016.0,IF2609
2026-03-04,4511.0,4521.4,4450.2,4475.4,13699,42655.0,IF2609
2026-03-05,4510.4,4528.6,4473.2,4495.6,8852,41553.0,IF2609
2026-03-06,4474.8,4531.0,4472.0,4512.2,8128,42017.0,IF2609
2026-03-09,4455.4,4477.6,4367.4,4464.6,12496,44232.0,IF2609
2026-03-10,4500.0,4539.6,4500.0,4533.0,9654,44361.0,IF2609
2026-03-11,4539.2,4565.0,4531.6,4546.6,6823,44564.0,IF2609
2026-03-12,4543.0,4544.0,4495.4,4520.0,8779,47033.0,IF2609
2026-03-13,4510.0,4557.8,4495.0,4508.4,10821,49519.0,IF2609
2026-03-16,4509.0,4519.4,4465.0,4510.0,13853,53746.0,IF2609
2026-03-17,4520.0,4567.0,4476.0,4476.2,17405,58100.0,IF2609
2026-03-18,4495.0,4497.8,4448.8,4486.2,13154,58819.0,IF2609
2026-03-19,4450.0,4465.8,4395.0,4413.8,15708,63088.0,IF2609
2026-03-20,4430.6,4465.6,4404.2,4406.6,15301,64704.0,IF2609
2026-03-23,4350.8,4370.4,4220.2,4258.8,20558,66485.0,IF2609
2026-03-24,4316.6,4316.6,4233.4,4305.2,12582,64444.0,IF2609
2026-03-25,4338.0,4383.8,4334.0,4364.4,11708,65477.0,IF2609
2026-03-26,4355.0,4375.6,4300.0,4309.8,9239,63855.0,IF2609
2026-03-27,4280.0,4369.6,4275.0,4343.4,9717,64307.0,IF2609
2026-03-30,4301.6,4332.2,4270.0,4330.2,9847,63429.0,IF2609
2026-03-31,4338.0,4360.0,4288.2,4293.4,9724,64831.0,IF2609
2026-04-01,4433.0,4459.8,4417.0,4448.2,53071,136771.0,IF2606
2026-04-02,4425.0,4436.6,4365.2,4390.2,53008,138037.0,IF2606
2026-04-03,4420.0,4420.0,4346.0,4362.2,46962,134794.0,IF2606
2026-04-07,4369.8,4390.6,4347.0,4360.0,39916,134908.0,IF2606
2026-04-08,4431.4,4540.6,4430.6,4539.6,72939,142547.0,IF2606
2026-04-09,4507.2,4511.2,4485.6,4500.0,44564,133719.0,IF2606
2026-04-10,4525.0,4591.8,4518.4,4562.0,59681,140107.0,IF2606
2026-04-13,4542.0,4582.4,4541.6,4570.6,44872,132738.0,IF2606
2026-04-14,4600.4,4640.0,4583.8,4639.6,54260,139985.0,IF2606
2026-04-15,4675.8,4680.8,4618.4,4625.2,53963,139812.0,IF2606
2026-04-16,4645.2,4685.0,4639.2,4677.8,53861,141692.0,IF2606
2026-04-17,4662.0,4680.6,4649.2,4667.0,48719,139296.0,IF2606
2026-04-20,4665.0,4714.8,4656.8,4696.6,54531,144611.0,IF2606
2026-04-21,4691.0,4718.0,4660.0,4707.8,48681,138220.0,IF2606
2026-04-22,4693.0,4745.6,4688.0,4744.8,51772,141181.0,IF2606
2026-04-23,4754.2,4763.0,4691.8,4724.4,70330,141725.0,IF2606
2026-04-24,4712.2,4733.0,4678.6,4713.6,60653,138176.0,IF2606
2026-04-27,4720.0,4743.4,4708.8,4715.6,47578,136394.0,IF2606
2026-04-28,4701.0,4725.8,4687.2,4702.4,50106,136927.0,IF2606
2026-04-29,4688.0,4776.6,4687.2,4766.0,58415,141827.0,IF2606
2026-04-30,4773.4,4776.2,4744.2,4763.4,48678,137863.0,IF2606
2026-05-06,4808.2,4869.0,4797.0,4839.4,65439,149562.0,IF2606
